Username	Rank
sephiroth	18
Kyle	17
Zamiel	16
indego	13
Lanvin	12
newduke	11
DMoney	10
melwen	10
Lel0uch	9
scharkbite	9
will.i.am	9
Dr_Kakashi	8
Fireheart	8
TimeHoodie	8
ChristopheAF	7
Livia	7
pianoblook	7
Jake_Stiles	6
Romain672	6
Wittvector	6
swineherd	6
IAMJEFF	5
asaelr	5
derekcheah	5
kopen	5
Hoodie	4
Razvogor	4
Sucubis	4
TheDaniMan	4
VerySloppyTwo	4
jack67889	4
kimbifille	4
nitawa	4
Bonja97	3
HelanaAshryvr	3
MangoPie	3
plus	3
sin_faith	3
squirrel1988	3
Floriman	2
Kakashi	2
Libster	2
MarkusKahlsen	2
RaKXeR	2
catula	2
timotree	2
4head	1
Asddsa76	1
Durandal	1
FerKeth	1
IsabeltheCat	1
Nitrate	1
NoMercy	1
Pablo-	1
Valetta6789	1
XMIL	1
antitelharsic	1
avanderwalde	1
bjnh	1
cockdestroyer	1
dobi	1
inde	1
invarse	1
jeff10	1
joelwool	1
katian	1
kooolant	1
lotem	1
robense	1
rz	1
ADrone	0
Aluap	0
Anax	0
Andrew_UK	0
Animex52	0
BlueNovember	0
Bot-Fiora	0
CaitlinSmith	0
Cory	0
Cynas	0
Damian000	0
DarthGandalf	0
Daryl	0
Denchulitas	0
Div	0
DrDrej	0
Fedorov	0
Feer	0
Fey	0
FrozenWinters	0
HariKrishnan	0
Instantiation	0
Kernel	0
MasN	0
MathNoob	0
Nitrate2	0
Onen	0
Pimak	0
Razgovor	0
Smandon	0
Spieler42	0
StKildaFan	0
Syrah	0
Zakisan	0
anser	0
aquarelle	0
boba	0
colton	0
corys	0
dj.narayanan	0
dmigor3	0
doeo	0
duckington	0
duckless	0
duckmammal	0
duckmedic	0
efaust	0
eliclax	0
emilyzhao	0
felix	0
fishcat	0
florrat2	0
forgotmyacct	0
frosty104	0
hakha3	0
honzas	0
kemurphy	0
ksfortson	0
methmatics	0
micerang	0
nkkarpov	0
open	0
orucsoraihc	0
padi	0
piper	0
possum	0
qqqq	0
qwertyelmer	0
rachyrules	0
rkass	0
rs1	0
sankala	0
sjdrodge	0
skyblueexo	0
vEnhance	0
willwin4sure	0
wolfpack	0
wortel	0
wshin0104	0
wump	0
