Note	Frequency (37165 in total)
f	6809
cm	1182
[f]	990
5	751
not	617
3	612
2	529
i	511
4	412
this	342
r3	337
kt	313
g3	308
r2	300
b2	296
b3	294
g2	281
play	280
r4	279
g4	274
b4	266
maybe	266
or	264
save	260
probably	246
y3	243
to	232
why	227
[cm]	226
y4	226
is	224
1	222
prompt	221
prio	212
should	210
y2	191
by	182
have	182
be	179
it	176
clue	173
here	172
like	172
m2	167
oh	167
m3	155
a	149
bluff	146
i3	141
b1	137
i2	137
guess	136
was	133
g1	132
r1	130
of	129
p3	129
m4	128
ambig	127
looks	127
i4	123
p2	122
if	121
sdcm	119
p4	118
as	117
known	111
off	108
y1	108
but	107
think	104
b5	101
fixme	101
just	101
the	99
missed	97
m1	96
after	93
no	93
my	85
tccm	85
it's	84
bomb	81
can	81
r5	79
trash	75
fix	74
bad	73
woops	73
discard	72
i1	72
n2	72
g	71
did	67
elim	66
now	66
and	65
n3	65
so	65
wait	65
g5	64
i5	64
k2	64
hopefully	62
since	60
m5	59
will	59
y	59
b	58
e	58
n4	58
context	57
instead	57
w3	57
what	57
likely	56
playing	56
y5	55
>	53
do	53
doesn't	53
r	53
on	52
n1	50
w4	50
with	50
finesse	49
for	49
red	49
might	48
p1	48
exactly	46
w2	46
:)	45
still	44
better	43
k4	43
because	42
good	42
plays	42
touch	42
would	42
card	41
playable	41
sorry	41
thinks	41
damn	40
don't	39
i'm	39
pp	39
o3	38
p5	38
played	38
right	38
that	38
could	37
o2	37
something	36
clued	35
double	35
k3	35
then	35
baton	34
dda	34
kyle	34
look	33
n5	33
p	33
how	32
me	32
done	31
oop	31
blue	30
does	30
kimbi	30
know	30
pink	30
he	29
mistake	29
neg	29
hesitation	28
o4	28
stall	28
t3	28
certain	27
declined	27
from	27
gd	27
has	27
hope	27
thought	27
what's	27
k1	26
lhs	26
weird	26
wrong	26
didn't	25
in	25
slot	25
turn	25
dupe	24
nope	24
pull	24
23	23
choice	23
cluing	23
get	23
other	23
a4	22
chop	22
fixed	22
green	22
t2	22
up	22
at	21
loaded	21
really	21
some	21
t4	21
valetta	21
we	21
:(	20
ah	20
color	20
lol	20
rank	20
that's	20
almost	19
g2>	19
m	19
o1	19
you	19
+	18
5ce	18
can't	18
ejection	18
hand	18
more	18
r4>	18
seph	18
w1	18
are	17
b2>	17
lime	17
utd	17
about	16
black	16
piano	16
positional	16
t1	16
(but	15
an	15
attempted	15
b3>	15
certainly	15
confused	15
r2>	15
than	15
5:	14
[f]?	14
bombs	14
c2	14
c3	14
first	14
forgot	14
g4>	14
give	14
gray	14
kakashi	14
level	14
never	14
see	14
shout	14
sure	14
yellow	14
?	13
a3	13
already	13
been	13
c4	13
g3>	13
k5	13
kind	13
lpc	13
o5	13
otherwise	13
r3>	13
seems	13
sky	13
u4	13
well	13
4/5	12
??	12
again	12
b4>	12
blaze	12
discarded	12
hard	12
only	12
push	12
trust	12
w5	12
when	12
wtf	12
13:	11
17:	11
18:	11
b1>	11
b2e	11
brown	11
chance	11
even	11
g4?>	11
game	11
had	11
null	11
occupied	11
one	11
timehoodie	11
w	11
y1>	11
(or	10
(since	10
10:	10
8:	10
a2	10
b23	10
elim>	10
g1>	10
going	10
hoping	10
lanvin	10
livia	10
move	10
pass	10
possible	10
scream	10
stale	10
stomped	10
unnecessary	10
wasn't	10
y2>	10
4:	9
a1	9
also	9
always	9
any	9
bit	9
bluffs	9
early	9
echo	9
g2e	9
hmm	9
i2>	9
idiot	9
l3	9
messed	9
moved	9
must	9
order	9
p2>	9
purple	9
r2e	9
read	9
schark	9
shouldn't	9
u3	9
u5	9
work	9
(maybe	8
(not	8
15:	8
19:	8
22:	8
25:	8
29:	8
3:	8
6:	8
8	8
actually	8
basically	8
before	8
being	8
bubblegum	8
clearly	8
clues	8
discarding	8
getting	8
isn't	8
knows	8
layered	8
lelouch	8
let	8
let's	8
low	8
nobody	8
perhaps	8
r1>	8
r5>	8
sarcastic	8
strange	8
target	8
too	8
until	8
14:	7
26:	7
3/4	7
7:	7
9:	7
;)	7
asaelr	7
bombed	7
both	7
dmoney	7
e>	7
ever	7
failed	7
focus	7
ice	7
jeff	7
locked	7
much	7
nice	7
omg	7
out	7
p1>	7
p3>	7
pace	7
prism	7
prob	7
promise	7
promised	7
r23	7
redist	7
rz	7
s3	7
sad	7
t5	7
tempo	7
totally	7
two	7
u2	7
which	7
whisper	7
works	7
wouldn't	7
y3>	7
y5>	7
(probably	6
1:	6
20:	6
23:	6
4)	6
:/	6
:d	6
another	6
bluffed	6
bm1	6
clear	6
ehm	6
either	6
elimination	6
expected	6
feels	6
fine	6
frosty	6
gotta	6
k34	6
kyle's	6
leave	6
make	6
n5>	6
need	6
ocm	6
over	6
people	6
piper	6
reclue	6
scharkbite	6
slightly	6
soon	6
spook	6
use	6
using	6
very	6
want	6
won't	6
y23	6
y4>	6
y4e	6
yep	6
yet	6
ym1	6
(should	5
12:	5
2/3	5
2/4	5
21:	5
3)	5
31:	5
34:	5
35:	5
39:	5
accidental	5
am	5
anymore	5
b/y	5
b2?>	5
berry	5
bm2	5
bombing	5
cards	5
correct	5
course	5
damnit	5
dani	5
dark	5
discharge	5
dupe)	5
eject	5
enough	5
figure	5
full	5
g23	5
g2?>	5
gm1	5
ignition	5
intended	5
into	5
k	5
keep	5
kimbi's	5
l2	5
later	5
least	5
lie	5
lot	5
m1>	5
marked	5
n2>	5
n2e	5
necessary	5
o	5
omni	5
pablo	5
presumably	5
priority	5
r1m2	5
r24	5
r2?>	5
random	5
respect	5
rm1	5
sense	5
single	5
stuff	5
t1:	5
t23	5
t3:	5
t5:	5
teal	5
technically	5
there's	5
time	5
variant	5
we're	5
y2e	5
(why	4
11:	4
16:	4
36:	4
:p	4
adrone	4
all	4
anyway	4
b34	4
b5>	4
back	4
blocking	4
c1	4
c5	4
careful	4
charm	4
cool	4
dda>	4
definitely	4
destroy	4
die	4
down	4
draw	4
drawn	4
ejected	4
fireheart	4
g1m2	4
g34	4
gb3	4
gi3	4
go	4
i'd	4
i1>	4
i3>	4
illegal	4
indigo	4
interpreted	4
inversion	4
m1?>	4
m2e	4
m4>	4
m5?>	4
mean	4
melwen	4
n25	4
negative	4
okay	4
opening	4
p23	4
p3?>	4
please	4
plus	4
possibly	4
prevent	4
prompted	4
r1e	4
r34	4
reverse	4
saved	4
score	4
screamed	4
second	4
seem	4
selfbluff	4
stop	4
surely	4
t	4
t10:	4
t12:	4
t2:	4
take	4
tempted	4
there	4
through	4
twice	4
u3>	4
wanted	4
whether	4
y1m2	4
y2?>	4
yb3	4
yeah	4
'f'	3
(because	3
(could	3
(if	3
(looks	3
1)	3
1/2	3
10	3
12	3
18	3
1s	3
27:	3
28:	3
2xr4	3
34	3
39	3
42:	3
45	3
45:	3
5pull	3
[b3]	3
[cm]?	3
[y3]	3
a4e	3
although	3
annoying	3
anxiety	3
around	3
attempt	3
attention	3
avoid	3
b/p	3
b/r	3
b1m1	3
b4?>	3
b4e	3
best	3
bg3	3
bg4	3
bi4	3
blind	3
bluff)	3
blunder	3
bm3	3
bm5	3
brain	3
burn	3
burning	3
choice)	3
christophe	3
clearer	3
cluable	3
confusing	3
consider	3
couldn't	3
depends	3
derek	3
digging	3
disagreement	3
discard)	3
discards	3
doctorabi	3
duck	3
find	3
finessed	3
fresh	3
g/b	3
g12	3
g15s	3
g1m1	3
g2/3	3
gave	3
gb4	3
generation	3
gentleman's	3
gets	3
given	3
gives	3
gr3	3
gr4	3
gy4	3
hanabiplus	3
he'd	3
helena	3
help	3
hindsight	3
i'll	3
i4?>	3
idea	3
important	3
interesting	3
jack	3
k4?>	3
kakashi's	3
keeps	3
kill	3
killed	3
knaphill	3
l4	3
lack	3
lel0uch	3
less	3
light	3
line	3
m1)	3
m23	3
m2>	3
m2b3	3
m34	3
m3>	3
mb	3
mind	3
mystery	3
n4>	3
n5s	3
needed	3
next	3
nicer	3
nm	3
nooo	3
normal	3
nothing	3
number	3
obviously	3
opc	3
option	3
p4>	3
p5>	3
padi	3
patch	3
paying	3
phase	3
pianoblook	3
play)	3
player	3
pos	3
postmans	3
pretty	3
prio>	3
quite	3
r1s	3
r3)	3
r35	3
r3?>	3
r3e	3
r4?>	3
r5?>	3
rainbow	3
rb4	3
reason	3
ri4	3
saves	3
self	3
self-finesse?	3
sephiroth	3
sleep	3
soft	3
somewhere	3
speedup	3
stupid	3
t13:	3
t20:	3
t21:	3
thanks	3
they	3
thinko	3
though	3
timehoodie's	3
tocm	3
tried	3
try	3
turnabout	3
u1	3
unclued	3
valetta's	3
w1>	3
were	3
whatever	3
y/p	3
y1i2	3
y24	3
y3/4	3
y34	3
yup	3
zam	3
zamiel	3
'f	2
(4?)	2
(and	2
(by	2
(except	2
(hard	2
(hopefully	2
(i	2
(known	2
(likely	2
(mistake)	2
(no	2
(otherwise	2
(possible	2
(so	2
(some	2
(was	2
->	2
0	2
1/3	2
1/5	2
14	2
15	2
16	2
19	2
2/5	2
24	2
26	2
2:	2
2pp	2
2x	2
30:	2
32:	2
33:	2
38:	2
3s	2
41:	2
43:	2
44:	2
46	2
46:	2
47:	2
48:	2
49:	2
5)	2
5/omni	2
50:	2
54:	2
5nd	2
5s	2
;))	2
<3	2
[2]	2
[3]	2
[g3]	2
[g4]	2
[kt]	2
[r3]	2
[tccm]	2
[y4]	2
accidentally	2
ahead	2
allowed	2
ambiguous	2
anything	2
apparently	2
available	2
avoided)	2
avoiding	2
awesome	2
b/g	2
b1+b2	2
b1/m2	2
b12	2
b1?>	2
b2/m2	2
b2i4	2
b3/a3	2
b3f	2
b4/y4	2
b5e	2
believe	2
better)	2
bgr3	2
blundered	2
bp4	2
br3	2
brave	2
bs	2
bunch	2
by2	2
call	2
carunty	2
clandestine	2
close	2
cocoa	2
compromise	2
confusion	2
context)	2
conventions	2
count	2
crit	2
critical	2
curious	2
dawn	2
dda?>	2
declining	2
defer	2
deferring	2
depending	2
destroyed	2
dies	2
dobi	2
doesnt	2
doing	2
drunk	2
duped	2
duplicate	2
duplicated	2
easy	2
eh	2
elim?>	2
else	2
enable	2
events	2
eventually	2
except	2
f>	2
fake	2
felt	2
fi3	2
fill	2
fill-in	2
finese	2
fixing	2
followup	2
forget	2
free	2
front	2
funny	2
fy2	2
g1/3	2
g1?>	2
g2)	2
g2+g3?	2
g2/m3	2
g24	2
g2m1	2
g3/4	2
g3/m2	2
g3?>	2
g4/m4	2
g4/p4	2
g4e	2
g5>	2
g5?>	2
gb2	2
gm2	2
got	2
gp3	2
gp4	2
haha	2
happened	2
having	2
hesitate	2
higher	2
i1?>	2
i23	2
i3g4	2
ig2	2
indego	2
info	2
information	2
insane	2
intention	2
joel	2
k2)	2
k234	2
kevin	2
kills	2
knew	2
kodo	2
kw3	2
l1	2
l5	2
legal	2
loaded)	2
lock	2
longer	2
lose	2
lucky	2
m15s	2
m2)	2
m2+m3	2
m2g4	2
m4?>	2
m5>	2
many	2
mark	2
means	2
misplay	2
missing	2
most	2
ms	2
n12	2
n125	2
n1s	2
n23	2
n2f	2
n3>	2
naughty	2
navy	2
nitrate	2
noo	2
notes	2
o2>	2
ones	2
oops	2
open	2
original	2
own	2
p24	2
p34	2
p4?>	2
pb3	2
pg4	2
pi5	2
picked	2
planning	2
played)	2
pm1	2
point	2
postponed	2
pr2	2
prefer	2
preserve	2
pulled	2
r/y	2
r1m1	2
r2m1	2
r3/4	2
r3/r4	2
r3m4	2
r4/y4?	2
r4e	2
rachy	2
rb	2
rb3	2
reasonable	2
resolve	2
resolved	2
respecting	2
rg	2
rg2	2
rg3	2
rg4	2
rk4	2
rm2	2
ry3	2
s	2
s2	2
s4	2
safe	2
sapphire	2
say	2
sees	2
selffinesse	2
semi-ambig	2
semi-f	2
shit	2
show	2
showed	2
silly	2
sin_faith	2
slight	2
sloppy	2
spooked	2
start	2
stomps	2
suboptimal	2
sworn	2
t13	2
t14:	2
t26:	2
t29	2
t29:	2
t30:	2
t4:	2
t53:	2
t6:	2
tan	2
tcm	2
team	2
them	2
thing	2
things	2
times	2
touched	2
true	2
turn)	2
u3e	2
unclear	2
understand	2
undo	2
unexpected	2
unfortunately	2
unrelated	2
urgent	2
used	2
useful	2
valid	2
w4e	2
waiting	2
wants	2
white	2
wittvector	2
wm3	2
wr3	2
wth	2
y15s	2
y1m4	2
y2)	2
y23>	2
y3?>	2
y4?>	2
y5e	2
yb4	2
yb5	2
yes	2
yg3	2
ym2	2
yp4	2
yr4	2
!3	1
!b	1
!b!3	1
!g	1
!i	1
!r	1
!ry	1
!ryp	1
"""w2""?"	1
#threeplayerproblems	1
'	1
'ambig'?	1
'annoyed	1
'critical	1
'i4'?	1
'locked	1
'prompt'?	1
'y1'	1
'y3'	1
(	1
(+3?)	1
(1	1
(10:	1
(15:	1
(16)	1
(2	1
(3	1
(4)	1
(4:	1
(50%	1
(8:	1
(almost	1
(ambig)	1
(annoying	1
(b	1
(b4)	1
(blue	1
(clue	1
(cm)	1
(critical	1
(depending	1
(did	1
(dupe)	1
(even	1
(exactly	1
(f)	1
(g2	1
(g3	1
(g5	1
(guess	1
(has	1
(hope	1
(i.e.	1
(it's	1
(might	1
(must	1
(perhaps	1
(played	1
(please	1
(plus	1
(possibly	1
(prob	1
(sadly)	1
(schark	1
(shouldn't	1
(sorry	1
(stale	1
(t12)	1
(t13	1
(t17)	1
(t34:	1
(technically	1
(think	1
(turn	1
(unfortunately)	1
(with	1
(would	1
...	1
....	1
.r1	1
0.83...	1
1+2	1
1-save	1
1.15	1
1/4	1
100%	1
11	1
12)	1
15s	1
17	1
1b	1
1pp	1
2)	1
2*r2	1
2*r3	1
2/3/4/5	1
20	1
21	1
22	1
24:	1
28	1
2?)	1
2p	1
2xg2?>	1
3/4/5	1
3/5	1
3/m2	1
3/p4	1
31	1
32	1
32)	1
33	1
36:did	1
4/5?	1
40:	1
48	1
4?>	1
4s	1
5-stall	1
5/gray	1
51:	1
52:	1
55:	1
56:	1
5>	1
5ces	1
5cm	1
5i	1
5stall	1
6	1
63:	1
6p	1
90%	1
:	1
:))	1
:x	1
???	1
????	1
[5]	1
[b]	1
[f]i2	1
[g2]	1
[i1]	1
[i3]	1
[i4]	1
[m3]	1
[m4]	1
[n1]	1
[p3]	1
[t4]	1
[tocm]	1
[w3]	1
[w4]	1
a3/4	1
a3/p3	1
a4/b4	1
a4/y4	1
a4>	1
a5	1
acting	1
actual	1
adventurous	1
afraid	1
agb4	1
ahh	1
aiming	1
along	1
alright	1
alttabbed	1
amazing	1
ambig)	1
amy	1
anyway).	1
appreciate	1
assume	1
at)	1
autofix	1
aw	1
away	1
awful)	1
awkward	1
awkwardness	1
ayed	1
b/k	1
b/p3	1
b/pink	1
b/pink/prism	1
b/r/k	1
b/t	1
b/y/r	1
b1)	1
b1+r2?	1
b1/2	1
b1/g1	1
b1/m1	1
b1/m3	1
b1/o1	1
b1/r1/p1	1
b13	1
b15s	1
b15sm24	1
b1?)	1
b1m2	1
b2)	1
b2+4	1
b2+b3	1
b2+b3?	1
b2+g3	1
b2/4	1
b2/4?	1
b2/5	1
b2/a2	1
b2/b3	1
b2/i4	1
b2/m1	1
b2/m2/g2	1
b2/m4	1
b21	1
b234	1
b24	1
b2>?	1
b2?->	1
b2b3	1
b2k2	1
b2m1	1
b2m4	1
b3)	1
b3+b4?>	1
b3/4/5	1
b3/b15s	1
b3/b4	1
b3/g3	1
b3/g3?	1
b3/i4?	1
b3/m3	1
b3/r1	1
b3/y3	1
b3/y3/r2	1
b35	1
b3>?	1
b3?)	1
b3?>	1
b3b4m4	1
b3e	1
b3g3	1
b3i4	1
b3m1	1
b3m4	1
b3y3r3	1
b4/i4	1
b4/p1?	1
b45	1
b4i4	1
b4m3	1
b4p4g5	1
b5)	1
b5/bs	1
b5/n1	1
b5?>	1
b5e?>	1
b5s	1
banned	1
becoming	1
behind	1
betrayed	1
bg	1
bgp	1
bgy	1
bi2	1
big	1
bjnh	1
bk4	1
blaze)	1
blink	1
bluenovember	1
bluffs'	1
bo24	1
bomb)	1
bonja's	1
bout	1
bp2	1
bp3	1
br2	1
br4	1
brg2	1
bry2	1
bry4	1
by3	1
by4	1
byr	1
c1/i1	1
c2345	1
c2>	1
c3>	1
c3i23	1
c3i4	1
c4>	1
c4?>	1
c5?>	1
calls	1
carunthy	1
casual	1
cause	1
causing	1
ce	1
chain	1
chance)	1
change	1
channel	1
character	1
charm)	1
charms	1
check	1
checked	1
chicken	1
choices	1
choose	1
chosen	1
christophe's	1
clarify	1
clarifying	1
clarity	1
closed	1
clue'	1
clue?>	1
clueable	1
clues)	1
cm:	1
cm?>	1
colorblind	1
colors	1
confusing:	1
considered	1
considering	1
convention	1
copy	1
cory	1
counting	1
coward	1
cowardly	1
d2	1
danger	1
darn	1
darth	1
decision	1
decline	1
declines	1
deduce	1
deep	1
def	1
default	1
defered	1
delayed	1
depend	1
derek's	1
desync	1
died	1
different	1
direction	1
directly	1
disagreed	1
disappear	1
disaster	1
discards)	1
discharged	1
discharging)	1
disturbing	1
div	1
dpe	1
drew	1
duh	1
dunno	1
dupes	1
duping	1
earlier	1
easier	1
easily	1
efficiency	1
efficient	1
ejecting	1
elim)	1
emergency	1
empathy	1
endgame	1
ending	1
enough)	1
entertain	1
entire	1
equal	1
equivalent	1
erm	1
especially	1
every	1
everybody	1
everything	1
evil	1
exacly	1
exciting	1
expect	1
f/lhs?	1
f3	1
fabled	1
failing	1
fair	1
faith	1
faster	1
fb1	1
fb2	1
feel	1
feeling	1
fey	1
fg2	1
fillin	1
finesse)	1
finesses	1
finessing	1
fire	1
first)	1
fishy	1
fixed)	1
fluffed	1
focused	1
force	1
forgotten	1
fp2	1
frosty's	1
fuck	1
fully	1
funny:	1
fy1	1
g/a3	1
g/p/y/r/w?	1
g/r?	1
g1+g3)	1
g1+g3?	1
g1+y23?	1
g1/5	1
g1/g4	1
g1/m1/r1	1
g1/n2	1
g13	1
g14	1
g15	1
g1e	1
g1f	1
g1g2	1
g1g4	1
g1m12	1
g1m4	1
g2'	1
g2+g3	1
g2+g3??)	1
g2/4	1
g2/g4	1
g2/m1	1
g2/m2?>	1
g2/m5	1
g2/r2	1
g23(m3?)	1
g23/m3	1
g2?)	1
g2?>>	1
g2??>	1
g2b2p1r1	1
g2i3	1
g2m3	1
g2m3n2	1
g2p2	1
g3)	1
g3+g4	1
g3+g4>	1
g3/m	1
g3/m3	1
g3/o1/tan1	1
g3?y3?	1
g3m5	1
g3r3	1
g4)	1
g4/g5	1
g4/i3	1
g4/m14	1
g4/m2	1
g4/r4	1
g45	1
g4>?	1
g4m1	1
g4r4	1
g5>?	1
g5s	1
ga	1
ga2	1
gamble	1
game)	1
gbi2	1
gby2	1
gby3	1
gby4	1
gdb4	1
gen	1
general	1
generate	1
generated	1
gi2	1
gi4	1
gk	1
global	1
glory	1
gm3	1
goed	1
goodbye	1
gotten	1
gp2	1
gp?3	1
gpr	1
gr	1
gray5	1
grb2	1
great	1
greedily	1
green?)	1
greens	1
gri1	1
gs	1
gt	1
gt2	1
guaranteed	1
guarantees	1
guess)	1
guessed	1
gw4	1
gy	1
gy2	1
gy3	1
gyp	1
gyrb2	1
hakha3	1
half-bluff	1
hallelujah	1
hanabornoob	1
hands	1
happening	1
harder	1
he's	1
helana	1
hell	1
hesitation)	1
hidden	1
him	1
his	1
home	1
honzas	1
honzas'	1
hoped	1
horrible	1
https://github.com/zamiell/hanabi-conventions/blob/master/reference.md#rank-choice-ejection-with-a-number-2-or-a-number-5	1
https://github.com/zamiell/hanabi-conventions/blob/master/reference.md#the-bad-touch-finesse-for-1s	1
https://github.com/zamiell/hanabi-conventions/blob/master/reference.md#the-load-clue	1
https://github.com/zamiell/hanabi-conventions/blob/master/reference.md#the-trash-finesse-weak-form	1
https://github.com/zamiell/hanabi-conventions/blob/master/variant-specific/null.md#one-of-each-colors-are-skipped	1
https://github.com/zamiell/hanabi-conventions/blob/master/variant-specific/pink.md#pink-fix-promise-on-a-1-that-is-going-to-play	1
https://github.com/zamiell/hanabi-conventions/blob/master/variant-specific/pink.md#the-pink-prompt-rank-exception	1
i)	1
i1)	1
i1/r3	1
i12	1
i12>	1
i134	1
i1r2	1
i1r3	1
i2/g2	1
i2/y1	1
i2/y5	1
i23>	1
i24	1
i2?>	1
i2b1m1	1
i2f	1
i2g2	1
i2y3	1
i3/b3	1
i3/i4	1
i4)	1
i4/b2	1
i4/r4	1
i4/t4	1
i45	1
i4>	1
i4?maybe	1
i4b1	1
i4b5	1
i5/c5?	1
i5?>	1
i5e	1
idiot)	1
ignored	1
im1	1
impatient	1
implied	1
impossible	1
imposter	1
inconvenient	1
indego?)	1
instead)	1
interface	1
inverted	1
ip4	1
ir1	1
isabel	1
isn;t	1
it23	1
itself	1
iy1	1
jesus	1
joelwool	1
k/i1	1
k/i3	1
k1?>	1
k1m1	1
k2/m2/m3	1
k23	1
k2>	1
k3/4	1
k3>	1
k4/k5/m4/m5	1
k4/k5?	1
k5/m1	1
k6	1
kernel	1
kg	1
kgyrb2	1
know)	1
kooolant	1
kopen	1
kw4	1
kyle)	1
l34/f234	1
lanvin's	1
lanvin's?	1
last	1
layer	1
left	1
leftmost	1
levels	1
li5	1
libster	1
lies	1
liked	1
likes	1
literally	1
little	1
load	1
location	1
locking	1
long	1
looked	1
looking	1
lose)	1
losing	1
loss	1
lost	1
luxury	1
lvl	1
lvl12	1
lying	1
m(2)34	1
m(b)12	1
m-something	1
m1/b5	1
m1/g1/g2	1
m1/m2/i1	1
m1/y2	1
m12	1
m1b2	1
m1b23	1
m1e	1
m1g4	1
m1g5	1
m1i2	1
m1i3r2	1
m1m2m3	1
m1p3	1
m1r4	1
m2/4	1
m2/5?	1
m2/b4	1
m2/m3	1
m2/m4	1
m2/p4	1
m2/y1	1
m2345	1
m2:	1
m2?>	1
m2g2	1
m2m3g3	1
m2n2	1
m2r5	1
m2y2	1
m3/b4	1
m3/b5	1
m34/trash?	1
m3r1	1
m3y2	1
m4)	1
m4/g4	1
m4/p3/p4	1
m45	1
m4?)	1
m4g4	1
m5)	1
macanek	1
made	1
makes	1
malfunctioned	1
malfunctioning	1
mango	1
mango's	1
mango's)	1
marks	1
markus	1
match	1
matching	1
max	1
may	1
maybe>	1
maybe?>	1
mb4	1
me)	1
mediocre	1
micerang	1
minor	1
misinterpreting	1
misread	1
miss	1
mistake)	1
misunderstanding	1
misunderstood	1
monster	1
mopw	1
moves	1
mp5	1
mr	1
mr4	1
ms3	1
msn3	1
muddy	1
multi	1
multiple	1
n1/m4	1
n1245	1
n125(m2)	1
n125s	1
n15	1
n1>	1
n1m1m2	1
n2/	1
n2/m4	1
n2/n3	1
n2/n3/n5/m5	1
n2345	1
n245	1
n2m1	1
n2r1	1
n3/n4	1
n3i5	1
n4+n5>	1
n4/5	1
n4/m4	1
n45	1
n4e	1
n5?>	1
n5e	1
narrow	1
necessarily	1
necessary)	1
neither	1
new	1
newduke	1
nicely	1
nicest	1
nitawa)	1
nobody's	1
nomercy	1
not)	1
not\	1
notes>	1
now?>	1
nowadays	1
ns	1
ns23	1
null123	1
null2/4?	1
null4/null2	1
o/m	1
o1/l2	1
o12	1
o15s	1
o1>	1
o2/l1	1
o2/o3	1
o234	1
o2p4	1
o2y2	1
o3/o4/red4	1
o34	1
o345/5	1
o3l2	1
o4/5	1
o4/o5	1
o4b15	1
o4m4	1
obligation	1
obv	1
obvious	1
ockham)	1
odds:	1
often	1
og	1
og5	1
ok	1
om2	1
om4	1
omni/5	1
once	1
onen	1
oo	1
oof	1
ooo	1
ooop	1
op	1
opc)	1
opened	1
optimal	1
optimistic	1
options:	1
orange	1
overlooked	1
overly	1
p)	1
p+b	1
p/g	1
p/g3	1
p/n2	1
p/y	1
p/y/r	1
p0	1
p1b1	1
p1m1	1
p1m3	1
p2(m3)	1
p2/3	1
p2/4?	1
p23/m1	1
p2e	1
p2m1	1
p2p3	1
p3/4	1
p3/g3	1
p3/p4	1
p3f	1
p4/b4	1
p4/g4	1
p4/i4	1
p4/m15s	1
p4/o4	1
p4/p5	1
p4/p5/g5	1
p4>?	1
p4m4	1
p5m1	1
pablo's	1
paly	1
panic	1
passed	1
pb	1
pc	1
pepepe's	1
per	1
person	1
personal	1
perspective	1
pestilent	1
pgb2	1
pianoblook's	1
pick	1
pink1	1
pity	1
pl	1
place	1
plan:	1
plz	1
positional)	1
pp3	1
pr2e	1
pref	1
preferred	1
prepatory	1
presume	1
prg4	1
prio)	1
prios	1
prism2	1
process	1
prompg	1
prompt)	1
properly	1
protect	1
protecting	1
protects	1
ps	1
purple/navy	1
pushed	1
puzzle:	1
py	1
py3	1
question	1
quickly	1
r)	1
r+g4?>	1
r/a3	1
r/a4	1
r/b	1
r/b3	1
r/g	1
r/g4?	1
r/k	1
r/y4	1
r1)	1
r1+r3	1
r1/m1/m2	1
r1/m1/m2/m5	1
r1/m2/m3	1
r1/m2/m5	1
r1/o5	1
r1/y3?	1
r12	1
r123	1
r13	1
r15	1
r15s	1
r1?)	1
r1?>	1
r1f	1
r1m1m2	1
r1m3	1
r1o1	1
r1s5	1
r2+3?	1
r2+r3?	1
r2/g2	1
r2/m1	1
r2/m2?	1
r2/m3	1
r2/r3	1
r2/r4	1
r23m23(4?)	1
r2a2	1
r2f	1
r3+o5?>	1
r3+r4??	1
r3/4?	1
r3/b3	1
r3/b3?	1
r3/g3/y3	1
r3/i3	1
r3/m5	1
r3/r4?	1
r345	1
r3b3	1
r3f	1
r3m1	1
r3m3	1
r3p3m3	1
r3y3	1
r4'	1
r4)	1
r4/5	1
r4/g4	1
r4/i1	1
r4/m4	1
r4m2	1
r4m4	1
r5/g5	1
r5/o4	1
ra2	1
ra4	1
rakxer's	1
rare	1
rb2	1
rb5	1
rbg	1
rbi2	1
rby3	1
re-cm?	1
re-f	1
real	1
realistic	1
reasonable?)	1
reclued	1
red)	1
redistribution	1
reds	1
refusal	1
refused	1
refuses	1
relative	1
remember	1
remembers	1
replay	1
resolves	1
respond	1
responded	1
rewind	1
rg(y?)	1
rgb	1
rgb3	1
rgk3	1
rgp2	1
rgy	1
ri	1
ri1	1
ride	1
rkyg2	1
rm1s	1
rm3	1
rm4	1
rm5	1
rmb3	1
rmm23	1
robense	1
round	1
row	1
rp3	1
rp4	1
rs	1
rule	1
rules	1
ry	1
ry1	1
ryi	1
rypg	1
s1	1
s2>	1
s2n34	1
s3/n23	1
s3>	1
s3n2	1
s5	1
sadly	1
save'?	1
save)	1
save/m4	1
saving	1
scb	1
scharkbite's	1
scream)	1
screw	1
sd	1
sdcm2	1
search	1
seat	1
seeing	1
self-bluff?	1
self-finesse	1
selffixed	1
semi-5pull?	1
semi-important	1
semi-spook	1
sensible	1
seph's	1
sets	1
she	1
shoes	1
showing	1
shows	1
side	1
sin	1
skipped	1
skipping	1
sleepy	1
sloppy)	1
slots	1
slower	1
slowest	1
slowly)	1
sn1	1
sn4	1
someone	1
someone's	1
somewhere?>	1
sorry)	1
spicy	1
spooky	1
spot	1
squirrel	1
stacked	1
stacks	1
stalled	1
stalls	1
stand	1
starts	1
starved	1
stay	1
steal	1
stephen	1
steven	1
stomp	1
stopped	1
stops	1
strangely	1
strangest	1
strikes	1
stronger	1
subopt	1
such	1
suck	1
sucks	1
suddenly	1
suggestive	1
surprise	1
surprised	1
surprising	1
sus	1
suspected	1
suspicious	1
sweet	1
swine	1
swineherd's	1
sync	1
synchronised)	1
t/o/i	1
t11	1
t11:	1
t16:	1
t19:	1
t21/22	1
t22:	1
t24:	1
t26	1
t27	1
t28	1
t28:	1
t30	1
t31	1
t31:	1
t32:	1
t33:	1
t34	1
t34/g3/o34	1
t34:	1
t37:	1
t3>	1
t4/g4/random	1
t4/l2	1
t4/l4	1
t58	1
t5>	1
t5s	1
t9:	1
tabletalk	1
taking	1
tan/navy	1
targets	1
teamwork)	1
tell	1
telling	1
tempting	1
tg2	1
these	1
think)	1
thinking	1
thinking:	1
third	1
three	1
ti1	1
ti5	1
timing	1
timo	1
tiny	1
tiramisu1th	1
tl1	1
tm2	1
tmi2	1
today	1
took	1
touch:	1
touching	1
towards	1
transfer	1
trasf	1
tricky	1
triple	1
trusting	1
trying	1
turned	1
ty	1
type	1
u1?>	1
u2?>	1
u3/u5	1
u4e	1
u[	1
udd	1
un-cm	1
unable	1
undefined	1
unfortunate	1
unknown	1
unlockec	1
unsure	1
us	1
used)	1
variant)	1
variants)	1
veexliat	1
veexliat's	1
verysloppy	1
verysloppy)	1
virtue	1
visible	1
visible)	1
vs	1
w/k	1
w/k3	1
w/y	1
w/y3	1
w1+w2?	1
w2)	1
w2>	1
w2i2	1
w3+w4?	1
w3>	1
w3?>	1
w4/b4	1
w4>	1
w4?>	1
w4f	1
w5)	1
w5>	1
way	1
we'd	1
we'll	1
we've	1
weird)	1
weirdness)	1
where's	1
which)	1
who	1
who'll	1
wi3	1
wildly	1
win	1
winning	1
without	1
witt	1
wm4	1
wonder	1
worked	1
worked?)	1
wortel	1
worth	1
wr4	1
wr5	1
write	1
y)	1
y/4	1
y/g	1
y/g3	1
y/i2	1
y/r	1
y/r3	1
y/r4	1
y/r?	1
y1+i1?>	1
y1+y3>	1
y1/m3	1
y1/m4	1
y123	1
y13	1
y1?)	1
y1?>	1
y1m5	1
y1y2	1
y1y2m1m2	1
y2+y3	1
y2/3	1
y2/m4	1
y2/r2	1
y2/r5?	1
y23m23	1
y2g2	1
y2m1	1
y2m3	1
y2y3	1
y3)	1
y3/a3	1
y3/g4	1
y3/m2?	1
y3/y4?	1
y3/y5	1
y3>?	1
y3?r3?	1
y3?y2?	1
y3b3	1
y3m5	1
y4+b3??	1
y4/5	1
y4/b4	1
y4/m1	1
y4/m4	1
y4/r4	1
y45	1
y4f	1
y5/kt	1
y5m1	1
y>	1
yb2	1
yg	1
yg1	1
yg2	1
yg4	1
ygpo(and	1
ygr	1
yi2	1
yig2	1
yk2	1
ym15s	1
ym24	1
ym3	1
ym4	1
ymi2	1
yn3	1
your	1
yourself	1
yp2	1
yp3	1
yp5	1
yp5>	1
ypg3	1
yr	1
yr(k)	1
yr2	1
yr3	1
yrp	1
yw3	1
zakisan	1
zamiel's	1
}	1
