Note	Frequency (107535 in total)
[cm]	12853
[f]	10141
f	5743
5	3751
3	3093
4	3011
2	2715
e	2423
kt	2080
1	1587
=>	1279
g	1051
b	1028
r	982
cm	931
tcm	911
this	837
i	795
y	793
sdcm	694
not	678
5cm	631
a	584
g3	540
r2	510
g2	505
r3	479
is	475
b3	466
b2	458
g4	453
why	451
ocm	444
r4	436
be	431
looks	425
b4	424
m	424
off	410
y2	401
y3	389
i3	387
p	374
y4	337
45	332
i4	322
i2	321
should	317
maybe	311
!1	306
34	295
known	289
w	287
23	283
m3	274
elim	272
lol	255
no	254
b1	253
r1	251
prio	243
clue	240
r5	240
g1	238
nope	234
o	232
tccm	231
bluff	229
i5	226
play	223
m2	221
fix	217
missed	214
stall	213
like	204
as	203
soft	196
g5	194
to	193
b5	190
y1	190
!b	189
2b	187
lhs	187
m5	184
y5	178
for	177
3b	174
!2	171
i1	170
m4	170
p2	168
discard	165
p3	164
k	163
!g	162
likely	160
o2	160
3g	159
if	159
might	159
bomb	158
o3	158
2g	153
!r	152
idk	151
from	149
finesse	148
save	147
!y	145
p4	145
please	144
o4	141
but	140
2r	138
3r	138
can	137
it	137
fixme	134
the	133
thinks	131
35	129
trash	129
mistake	128
4g	125
guess	123
nice	120
3y	119
unclued	119
m1	117
?	116
fixed	116
4b	113
4r	113
ambig	111
2y	110
have	106
n2	106
25	103
was	103
n3	102
o5	100
4y	98
kekw	98
or	98
!12	97
dda	97
t	97
scream	96
fuck	94
oh	92
1b	90
does	88
24	87
how	87
so	86
sadge	85
will	85
1g	84
5g	84
you	83
3p	81
n5	81
p1	81
!p	80
[y2]	80
lul	79
probably	79
[r2]	78
2m	77
dupe	77
!i	76
lpc	76
???	75
[5]	75
bad	75
don't	75
5b	74
did	73
now	73
o1	72
on	72
p5	71
tocm	71
[g3]	70
2p	69
n4	69
[b2]	68
[4]	67
red	67
[g2]	66
he	66
here	66
of	66
3m	65
w2	65
4p	64
in	64
345	63
promised	63
1r	62
:/	62
important	62
that	61
1y	60
echo	60
wtf	60
[r3]	59
exactly	59
do	58
t4	58
nocm	57
safe	57
my	56
5r	54
[r1]	54
could	54
layered	54
n1	54
!3	53
4m	53
[b3]	53
[g1]	53
me	53
wrong	53
5y	52
k3	52
oops	52
think	52
just	51
with	51
would	51
ptd	50
risk	50
!5	49
[y1]	49
blue	49
clued	49
5m	48
:p	48
card	48
l	48
very	48
what	48
1m	47
[b1]	47
[b4]	47
c	47
ok	47
trust	47
look	46
most	46
played	46
pull	46
rb	46
t2	46
t3	46
hmmm	45
better	44
k4	44
2i	43
[y3]	43
after	43
hmmmm	43
rg	43
self	43
yg	43
!m	42
yb	42
5p	41
and	41
game	41
hope	41
w4	41
????	40
good	40
know	40
since	40
[g4]	39
gb	39
give	39
rip	39
we	39
!o	38
wow	38
hes	37
k2	37
ry	37
sus	37
4i	36
[p3]	36
[r4]	36
certain	36
context	36
hopefully	36
kinda	36
l2	36
nvm	36
perhaps	36
playable	36
[3]	35
d	35
l3	35
m234	35
oop	35
utd	35
yellow	35
at	34
hard	34
illegal	34
t1	34
!4	33
gd	33
green	33
has	33
indego	33
n	33
possible	33
strong	33
w3	33
a3	32
mel	32
pink	32
weird	32
y23	32
5-stall	31
by	31
o234	31
prob	31
234	30
canceled	30
choice	30
fillin	30
g23	30
m34	30
w1	30
!w	29
2o	29
3i	29
[i1]	29
[y4]	29
b23	29
necessary	29
when	29
4w	28
clues	28
opc	28
read	28
[p2]	27
a4	27
crit	27
hidden	27
l4	27
one	27
rp	27
see	27
[!5]	26
[2]	26
an	26
c3	26
denied	26
may	26
pass	26
prompt	26
r23	26
wait	26
yp	26
5i	25
cannot	25
double	25
m23	25
more	25
technically	25
!t	24
1p	24
a2	24
are	24
b34	24
because	24
c2	24
charm	24
chop	24
duped	24
focus	24
playing	24
some	24
t5	24
8	23
[i2]	23
[p1]	23
both	23
color	23
k5	23
seems	23
work	23
!rb	22
4db	22
5ce	22
??	22
early	22
g34	22
generation	22
gp	22
km	22
rank	22
she	22
target	22
w5	22
15	21
3w	21
:d	21
[45]	21
[p4]	21
apparently	21
hand	21
hmmmmm	21
neg	21
plays	21
sad	21
!gb	20
[!b]	20
[5cm]	20
[i3]	20
c4	20
k1	20
m25	20
needed	20
shout	20
smh	20
well	20
3o	19
:(	19
[i4]	19
[sdcm]	19
am	19
blaze	19
bombs	19
cm'd	19
due	19
notes	19
promise	19
purple	19
sadly	19
tempo	19
touch	19
u2	19
unnecessary	19
!a	18
1s	18
5o	18
[34]	18
any	18
def	18
sure	18
u3	18
!gr	17
-.-	17
125	17
1i	17
235	17
[b5]	17
assume	17
first	17
intended	17
much	17
only	17
u5	17
!13	16
!15	16
!ry	16
!yg	16
!yr	16
0	16
2w	16
[r5]	16
lot	16
pov	16
still	16
t14:	16
than	16
!14	15
!k	15
1o	15
>	15
[n3]	15
[tcm]	15
[unclued]	15
bluffed	15
d2	15
d3	15
d4	15
fake	15
inde	15
l1	15
lanvin	15
lucky	15
o23	15
o24	15
o34	15
omni	15
pestilent	15
push	15
s	15
stale	15
t25:	15
t26:	15
use	15
!123	14
!c	14
245	14
3-bluff	14
3k	14
4o	14
[!g]	14
a5	14
blind	14
cancel	14
given	14
highly	14
huh	14
instead	14
pos	14
stomp	14
suboptimal	14
though	14
turnabout	14
u4	14
wb	14
!125	13
!br	13
!by	13
!i2	13
2t	13
[!1]	13
[n2]	13
[t2]	13
bp	13
declined	13
get	13
hanabi	13
hesitation	13
info	13
lvl	13
make	13
n25	13
never	13
sin	13
t16:	13
t1:	13
t6:	13
unlikely	13
3t	12
[3	12
[m2]	12
black	12
discuss	12
ever	12
gy	12
marked	12
positional	12
quite	12
really	12
retarded	12
ri	12
supposed	12
t12:	12
t13:	12
t24:	12
t38:	12
t40:	12
too	12
unknown	12
which	12
!bg	11
!rg	11
5n	11
[l2]	11
again	11
ar	11
assymetric	11
believe	11
bg	11
bombed	11
coz	11
derek	11
dude	11
god	11
gonna	11
high	11
i34	11
interesting	11
let	11
mostly	11
need	11
needs	11
o45	11
prefer	11
slot	11
t10:	11
t18:	11
t23:	11
thanks	11
up	11
witt	11
works	11
!23	10
!n	10
!r5	10
!yb	10
2k	10
[kt]	10
[m3]	10
[o1]	10
[o2]	10
[o3]	10
[o4]	10
[y5]	10
about	10
aggressive	10
another	10
attempted	10
b45	10
case	10
crap	10
either	10
ejection	10
helana	10
huge	10
i23	10
locked	10
m35	10
m45	10
non	10
pb	10
phantom	10
prio'd	10
r34	10
r45	10
squi	10
start	10
strongly	10
such	10
t11:	10
t19:	10
t22	10
t22:	10
t7:	10
t9:	10
then	10
unless	10
y34	10
!25	9
!bp	9
!i3	9
!n2	9
!r4	9
12	9
1k	9
5]	9
[!2]	9
[!r]	9
[!y]	9
[2	9
[g]	9
[i]	9
[m1]	9
[n]	9
[ocm]	9
actually	9
all	9
also	9
before	9
bm	9
boom	9
brown	9
can't	9
eject	9
failed	9
gi	9
gotten	9
kill	9
law	9
melwen	9
move	9
muddy	9
must	9
n34	9
nobody	9
o35	9
out	9
reclue	9
shadow	9
t11	9
t15	9
t20:	9
t35:	9
t43:	9
t47:	9
t8:	9
tho	9
thought	9
uhhhhh	9
vibes	9
yk	9
your	9
!ig	8
!l	8
!m3	8
1t	8
4s	8
5w	8
8cs	8
[!12]	8
[!5	8
[4	8
[g	8
[g5]	8
[n1]	8
[p5]	8
[p]	8
[w1]	8
[w2]	8
ahhh	8
bcme	8
bi	8
blocking	8
bubblegum	8
convention	8
d1	8
d5	8
dobi	8
drop	8
forgotten	8
fucking	8
g24	8
gm	8
ib	8
isn't	8
occupied	8
omg	8
prism	8
rgb	8
right	8
rm	8
t17:	8
t21	8
t21:	8
t2:	8
t3:	8
true	8
turn	8
uhhhh	8
useful	8
whisper	8
xd	8
yr	8
yw	8
!5]	7
!b5	7
!g3	7
!ib	7
!m4	7
!o2	7
100%	7
1w	7
2-save	7
3n	7
4k	7
?????	7
[!p]	7
[35]	7
[c3]	7
[i5]	7
[k2]	7
[m4]	7
[n5]	7
[r]	7
[t1]	7
[t3]	7
[w3]	7
[y]	7
a1	7
ag	7
away	7
b]	7
bw	7
c5	7
clandestine	7
discharge	7
doing	7
dpe	7
elim=>	7
ffs	7
forever	7
frosty	7
gtb	7
gw	7
hopeful	7
ig	7
imo	7
inverted	7
iy	7
kappa	7
losing	7
m24	7
piano	7
rgm	7
selfish	7
sense	7
skip	7
sorry	7
t25	7
t27	7
t27:	7
t28:	7
t29:	7
t32:	7
t34:	7
t42:	7
t4:	7
t7	7
time	7
u	7
u1	7
uhhh	7
valid	7
waits	7
y45	7
ym	7
!124	6
!1]	6
!b4	6
!b]	6
!i4	6
!i5	6
!m2	6
!m5	6
!n5	6
!play	6
!rm	6
!y]	6
10	6
13	6
4]	6
4t	6
5-save	6
5nd	6
[!3]	6
[1]	6
[a2]	6
[b]	6
[l1]	6
[m]	6
[tccm]	6
ab	6
af	6
ahhhh	6
c1	6
classic	6
d:	6
db	6
death	6
desync	6
discarded	6
discarding	6
draw	6
enough	6
even	6
fey	6
forgot	6
fresh	6
full	6
gives	6
gk	6
great	6
had	6
hate	6
her	6
implied	6
into	6
jeff	6
katian	6
less	6
let's	6
lie	6
loses	6
made	6
many	6
meant	6
miss	6
o.o	6
occam's	6
ofc	6
otherwise	6
p23	6
pl	6
pp	6
pretty	6
rce	6
ryb	6
sacrifice	6
saved	6
screamed	6
seen	6
single	6
sloppy	6
stupid	6
t13	6
t19	6
t23	6
t24	6
t28	6
t30:	6
terrible	6
totally	6
unintended	6
unsure	6
white	6
zcsp	6
!b2	5
!g4	5
!gm	5
!gp	5
!gy	5
!pg	5
!y2	5
!y3	5
14	5
2345	5
5-pull	5
5dp	5
5k	5
[!u2]	5
[23]	5
[24]	5
[b34]	5
[m5]	5
[n4]	5
[y	5
ak	5
allowed	5
already	5
although	5
ambiguous	5
attention	5
ay	5
back	5
bk	5
bluffs	5
bm23	5
burn	5
chris	5
conventionally	5
correct	5
cost	5
ct	5
dangerous	5
defer	5
delayed	5
di	5
done	5
drcm	5
earlier	5
everyone	5
fi	5
finessed	5
finesses	5
fpe	5
fucked	5
g45	5
gg	5
giving	5
got	5
his	5
honored	5
i1>	5
i45	5
i]	5
idea	5
im	5
inversion	5
ir	5
lose	5
markus	5
next	5
ooo	5
patch	5
pls	5
possibly	5
r24	5
realise	5
review	5
riding	5
s3	5
s4	5
sees	5
shouldn't	5
super	5
suspect	5
t14	5
t30	5
t33:	5
t38	5
t6	5
t8	5
take	5
took	5
uhhhhhh	5
unplayable	5
using	5
v	5
waiting	5
where	5
who	5
won't	5
wtaf	5
y24	5
yes	5
yet	5
zam	5
!b3	4
!bm	4
!d	4
!g2	4
!g]	4
!k3	4
!n3	4
!p]	4
!py	4
!r2	4
!r]	4
!rp	4
!wr	4
105	4
2/3b	4
2/3r	4
2gr	4
2l	4
3/4k	4
3]	4
3ig	4
3yb	4
4ib	4
5gb	4
??????	4
[!br]	4
[!n]	4
[!ng]	4
[!rg]	4
[5	4
[a3]	4
[a]	4
[k]	4
[l3]	4
[m34]	4
[o]	4
[r	4
[r34]	4
[y10]	4
always	4
ambitious	4
anything	4
apply	4
assumed	4
asym	4
async	4
b24	4
b35	4
been	4
best	4
boba	4
c34	4
cards	4
chance	4
channel	4
considered	4
contextual	4
critical	4
dani	4
defered	4
definitely	4
direct	4
doc	4
dupes	4
duping	4
ed	4
elimination	4
end	4
find	4
free	4
g]	4
hakha	4
helana's	4
ig3	4
ignition	4
impossible	4
indego's	4
jack	4
k234	4
k34	4
killed	4
killing	4
l34	4
l5	4
layer	4
left	4
legal	4
load	4
lulw	4
m12	4
mb	4
mel's	4
n234	4
n35	4
note	4
offf	4
oldest	4
order	4
over	4
pace	4
paying	4
phew	4
prompted	4
rcf	4
redis	4
respect	4
retroactive	4
reverse	4
rk	4
rw	4
safety	4
saving	4
says	4
seph	4
stacked	4
starts	4
t12	4
t15:	4
t16	4
t17	4
t20	4
t29	4
t31:	4
t33	4
t39	4
t39:	4
t45:	4
t49:	4
t53:	4
they	4
track	4
triple	4
trusts	4
trying	4
understand	4
us	4
wanted	4
wg	4
writing	4
y10	4
ygb	4
yi	4
}	4
!145	3
!35	3
!3b	3
!45	3
!b1	3
!ba	3
!bw	3
!cit	3
!g5	3
!go	3
!gpr	3
!o5	3
!p2	3
!pb	3
!pl	3
!r3	3
!rbg	3
!rby	3
!ri	3
!rt	3
!ryb	3
!s	3
!tp	3
!tvr	3
!yrg	3
->	3
2/3y	3
2bg	3
2c	3
2oi	3
2s	3
3gb	3
3l	3
4c	3
4gb	3
5pp	3
5yp	3
:((((	3
:)	3
:o	3
=>?	3
[!1	3
[!4]	3
[!b	3
[!i]	3
[!rgb]	3
[a4]	3
[b2][f]	3
[b45]	3
[c4]	3
[cm][!5]	3
[e	3
[fixme]	3
[g34]	3
[o5]	3
[r3	3
[r35]	3
[trash]	3
[u	3
[u1]	3
[u2]	3
[w4]	3
[y23]	3
[yb]	3
a34	3
agree	3
ap	3
aqua	3
available	3
b234	3
begins	3
believes	3
bigg	3
bonja	3
br	3
bs	3
c23	3
cause	3
cms	3
contextually	3
d234	3
damn	3
deck	3
ded	3
doesn't	3
except	3
exist	3
expect	3
far	3
fml	3
freaking	3
fully	3
g1>	3
g234	3
g3=>	3
gave	3
getting	3
gm23	3
go	3
gotta	3
griff	3
history	3
hmmmmmmmm	3
ic	3
id	3
ignore	3
indeed	3
io	3
jump	3
k23	3
keeps	3
kind	3
knows	3
ky	3
late	3
lc	3
lime	3
lo	3
loaded	3
lolol	3
low	3
m2345	3
making	3
mark	3
mean	3
misplay	3
n125	3
n23	3
n45	3
negative	3
nothing	3
null	3
occam	3
ohhh	3
opening	3
opportunity	3
optimal	3
other	3
own	3
p24	3
p45	3
part	3
pd	3
pm	3
prevent	3
principle	3
prompts	3
prophetic	3
ptd:	3
r1>	3
r25	3
r35	3
rare	3
rather	3
razor	3
rbk	3
reasons	3
response	3
ridiculous	3
s2	3
sadness	3
same	3
should've	3
shouted	3
sn	3
somebody	3
somehow	3
someone	3
soon	3
spooked	3
squi's	3
stomped	3
stop	3
stuff	3
t26	3
t32	3
t34	3
t35	3
t36:	3
t37	3
t37:	3
t40	3
t43	3
t44:	3
t45	3
t55:	3
t5:	3
t9	3
t^t	3
taken	3
thank	3
there	3
tp	3
transfer	3
trolling	3
turns	3
u45	3
ufff	3
ufrtf	3
undefined	3
until	3
useless	3
v3	3
variant	3
visible	3
vtk	3
waited	3
wanna	3
want	3
while	3
worked	3
worth	3
wr	3
write	3
wump	3
wut	3
yeah	3
!!!!	2
!135	2
!152	2
!235	2
!2g	2
!3g	2
!3p	2
!3r	2
!3y	2
!4b	2
!4g	2
!4r	2
!a5	2
!ab	2
!ak	2
!as	2
!bi	2
!bo	2
!bt	2
!byg	2
!crit	2
!ct	2
!gby	2
!gi	2
!gt	2
!gw	2
!gwb	2
!i1	2
!i]	2
!igb	2
!igy	2
!io	2
!ir	2
!iy	2
!iyb	2
!k]	2
!lc	2
!loi	2
!mg	2
!n4	2
!o3	2
!o4	2
!om	2
!p4	2
!r1	2
!rgw	2
!ryi	2
!ti	2
!u2	2
!w2	2
!wyr	2
!ybg	2
!ybr	2
!ygb	2
!yp	2
!yrb	2
\"scream\"	2
#1	2
#2	2
-_-	2
-_____-	2
....	2
0y	2
1n	2
1oy	2
1r/1g	2
1st	2
2/3/4k	2
2/3g	2
22	2
2b/2y	2
2n	2
2pp	2
2r/m	2
2rg	2
3/4g	2
3/4r	2
3bg	2
3ib	2
3iy	2
3om	2
3ri	2
3s	2
3yi	2
44	2
4charm	2
4go	2
4gw	2
4mg	2
4n	2
4yi	2
4yr	2
50	2
5gi	2
5rb	2
5rg	2
5stall	2
5t	2
7	2
:	2
:(((((	2
:///	2
:?	2
<3	2
???????	2
????????	2
?_?	2
[!15]	2
[!1][!2]	2
[!g	2
[!ir]	2
[!k]	2
[!lt]	2
[!n	2
[!r	2
[!rb]	2
[!w]	2
[!y	2
[!y4]	2
[!y][!i]	2
[!yb]	2
[!yi]	2
[!yr]	2
[1	2
[234]	2
[25]	2
[345]	2
[45	2
[4][r	2
[5cm][4]	2
[a	2
[a5]	2
[b3	2
[c1]	2
[c2]	2
[cm][!2]	2
[cm]kinda	2
[d1]	2
[d4]	2
[f][b3]	2
[f][y3]	2
[g23]	2
[gy]	2
[i05]	2
[i2][f]	2
[i3	2
[i34]	2
[k1]	2
[k3]	2
[l4]	2
[m234]	2
[m25]	2
[n24]	2
[p0]	2
[p34]	2
[r2	2
[rb]	2
[rgp]	2
[ry]	2
[t4]	2
[tocm]	2
[u345]	2
[u5]	2
[u]	2
[w5]	2
[w]	2
[y2	2
[y45]	2
[yp5]	2
a]	2
aby	2
according	2
agreed	2
ahead	2
almost	2
anxiety	2
ao	2
ary	2
assuming	2
atm	2
avoid	2
aybg	2
b0	2
b15	2
b5=>	2
basically	2
baton	2
being	2
believing	2
betting	2
bga	2
bim	2
bj	2
blatant	2
bold	2
booom	2
brain	2
brainzz	2
bro	2
browns	2
bye	2
care	2
carunty's	2
caused	2
causes	2
chicken	2
choose	2
clearly	2
closer	2
clueing	2
cm'd?	2
cocoa	2
coming	2
consider	2
couldn't	2
count	2
counts	2
crazy	2
d34	2
dark	2
darn	2
dayum	2
dead	2
dear	2
decision	2
delay	2
deny	2
depends	2
dg	2
dicey	2
didn't	2
die	2
dilemma	2
disregard	2
disregarded	2
dobi's	2
down	2
eli	2
else	2
epc	2
eternity	2
everything	2
existence	2
expected	2
explicitly	2
extra	2
extremely	2
ey3	2
f1	2
f2	2
fault	2
fixes	2
fixing	2
force	2
forced	2
g10	2
g12	2
g2=>	2
g35	2
ga	2
gb5	2
gbi	2
gbm	2
gds	2
genius	2
gets	2
gi3	2
globally	2
gm2	2
gm3	2
going	2
gr	2
gtp	2
guide	2
haha	2
help	2
hesitating	2
him	2
hmmmmmm	2
horrible	2
i05	2
i245	2
i35	2
idc	2
il	2
imb	2
intentional	2
jit	2
job	2
kc	2
keep	2
kevin	2
kilda	2
kills	2
kim	2
knew	2
kyle's	2
lanvin's	2
last	2
later	2
level	2
lgtm	2
lies	2
lock	2
logic	2
lollll	2
lolllll	2
long	2
looking	2
lsp	2
m123	2
m15	2
m234]	2
m2]	2
m345	2
m4]	2
makes	2
man	2
massive	2
matching	2
mb4	2
means	2
melwen's	2
messed	2
mg	2
mispromised	2
mistaken	2
mr	2
mt	2
multi	2
multiple	2
n245	2
n345	2
nahhhh	2
newduke	2
noooooo	2
number	2
o25	2
o345	2
o5]	2
oa	2
ob23	2
oc	2
odd	2
ohh	2
oi	2
om	2
opener	2
ot	2
our	2
p0	2
p105	2
p234	2
p2=>	2
passback	2
pdb	2
perfect	2
permission	2
pfp	2
pi	2
player	2
playful	2
playstyle	2
positions	2
pressure	2
priority	2
promising	2
pt	2
purge	2
purples	2
py	2
r0	2
r234	2
r2=>	2
r3=>	2
rby	2
realised	2
realises	2
reclued	2
reds	2
resolved	2
respecting	2
respects	2
result	2
ricardo	2
risking	2
risky	2
rm23	2
rm3	2
rmb	2
rob	2
round	2
royally	2
rpb	2
rt	2
ryg	2
rz	2
rz's	2
sadgeee	2
safest	2
said	2
sankala	2
saveable	2
saves	2
saw	2
setup	2
sfi	2
shit	2
si	2
slightly	2
slowest	2
sooo	2
sort	2
speed	2
speedup	2
spookz	2
stall/pull	2
stalls	2
stopped	2
sucubis	2
suit	2
suits	2
superior	2
syrah	2
t10	2
t18	2
t36	2
t41:	2
t46:	2
t51	2
table	2
teal	2
them	2
thx	2
times	2
timing	2
tm	2
touched	2
treated	2
trigger	2
triggers	2
troll	2
trolol	2
trusted	2
trusting	2
try	2
turned	2
udd	2
uncm	2
under	2
unfocusable	2
used	2
v2	2
violation	2
w1]	2
w23	2
way	2
wgy	2
whole	2
whyyy	2
wins	2
working	2
worst	2
wuttt	2
wuttttt	2
y0	2
y12	2
y1>	2
y234	2
ybk	2
ym3	2
yrb	2
!!!	1
!02	1
!10	1
!1235	1
!125]	1
!12]	1
!134	1
!1t	1
!24	1
!2]	1
!2b	1
!2i	1
!2m	1
!2p	1
!2pol	1
!2r	1
!2w	1
!3?	1
!3m	1
!42	1
!4m	1
!4y	1
!5m	1
!5w	1
!ai	1
!ak]	1
!ar	1
!b4]	1
!bay	1
!bd	1
!bgp	1
!bgr	1
!bgy	1
!bipgr	1
!bir	1
!bkg	1
!bl	1
!bn	1
!bog	1
!bogi	1
!bom	1
!boy	1
!boygr	1
!bpt	1
!bpy	1
!brg]	1
!brm	1
!brw	1
!btgr	1
!bwg	1
!byp	1
!c3	1
!ci	1
!ci]	1
!cil	1
!cimt	1
!citm	1
!co	1
!cot	1
!crit?	1
!d2	1
!diy	1
!dyi	1
!f	1
!g1	1
!gbi	1
!gbm	1
!gbrym	1
!gbw	1
!gk	1
!go]	1
!gp]	1
!gpbr	1
!gpt	1
!gpy	1
!grb	1
!grp	1
!gtm	1
!gya	1
!gyb	1
!gyba	1
!gybr	1
!gym	1
!gyp	1
!gyr	1
!i14	1
!i24	1
!ial	1
!iayb	1
!ibky	1
!ibr	1
!ibw	1
!iby	1
!ic	1
!ic3	1
!ical	1
!ikybr	1
!im	1
!ioc	1
!iorb	1
!ip	1
!ipg	1
!ipy	1
!irg	1
!iyr	1
!k2	1
!kgiy	1
!ky	1
!kyrg	1
!l3	1
!lct	1
!ldot	1
!licto	1
!lidc	1
!lo	1
!loaded	1
!lti	1
!lto	1
!m1	1
!m12	1
!m25	1
!mb	1
!mbgy	1
!mgy	1
!mi	1
!mig	1
!mob	1
!mopn	1
!mopnt	1
!mr	1
!mrbg	1
!muddy	1
!mw	1
!my	1
!mya	1
!myb	1
!myrb	1
!n1	1
!n]	1
!nb	1
!ng	1
!ni	1
!nsa	1
!o1	1
!o2?	1
!ob	1
!obg	1
!obr	1
!oc	1
!octia	1
!ogy	1
!oi	1
!org	1
!ory	1
!ot	1
!otimc	1
!oy	1
!oyr	1
!p1	1
!p3]	1
!pbgr	1
!pgb	1
!pgr	1
!playable	1
!plr	1
!pmbr	1
!prb	1
!prg	1
!prw	1
!prwg	1
!pti	1
!pvl	1
!pwr	1
!pyr	1
!r245	1
!r3]	1
!rb]	1
!rbk	1
!rbyi	1
!rg]	1
!rgby	1
!rig	1
!rikg	1
!riy	1
!rkgb	1
!rlp	1
!rlv	1
!rmg	1
!ro	1
!rob	1
!rw	1
!rwy	1
!rybp	1
!ryg	1
!rygm	1
!ryibg	1
!s3	1
!s4]	1
!sb	1
!t2	1
!t4	1
!t]	1
!tb	1
!tc	1
!tcwo	1
!tgm	1
!tl	1
!tn	1
!to	1
!toc	1
!tr	1
!trash	1
!tsn	1
!u5	1
!v	1
!vlo	1
!w]	1
!wb	1
!wg	1
!wgi	1
!wks	1
!wy	1
!wyb	1
!y14	1
!y4	1
!y5	1
!y?	1
!ybi	1
!ybm	1
!ybp	1
!ybrg	1
!ybri	1
!ygi	1
!ygk	1
!ygr	1
!yi	1
!ykrg	1
!ym	1
!ymg	1
!yo	1
!yorb	1
!ypg	1
!ypr	1
!yrgb	1
!yrgw	1
!yrom	1
!yw	1
\"blue	1
\"bluff\"	1
\"hidden	1
\"known	1
\"why	1
&	1
(	1
(but	1
(illegal)	1
(save)	1
(since	1
(soft)	1
)	1
+4	1
-___-	1
...	1
.....	1
01	1
05	1
0g	1
1-for-1	1
1/3/4b	1
1/3/4k	1
10%	1
1000	1
123	1
1235	1
124	1
12b	1
134	1
135	1
145	1
150	1
16	1
19	1
1b/2m	1
1b/i2	1
1ce	1
1g/1m	1
1g>	1
1go	1
1ir	1
1l	1
1oc	1
1p/1m	1
2-away	1
2/3/4b	1
2/3p	1
2/4g	1
21	1
234k	1
2=>	1
2a	1
2ci	1
2for1	1
2g/2o	1
2gi	1
2gm	1
2go	1
2ib	1
2ik	1
2im	1
2iyg	1
2kp	1
2m/3g	1
2m/4m/5m	1
2m=>	1
2mo	1
2nd	1
2ogt	1
2oyb	1
2p/4p	1
2r/1o	1
2ri	1
2rik	1
2rw	1
2ry	1
2tm	1
2u	1
2y/2m	1
2yb	1
2ygi	1
2yo	1
2yr	1
2yw	1
3\"	1
3-away	1
3/4y	1
3/5g	1
3/any	1
33:	1
343	1
34c5	1
3ai	1
3b/3i	1
3bi	1
3bo	1
3g/3-bluff	1
3g/3p	1
3gbk	1
3gm	1
3gr	1
3im	1
3io	1
3ir	1
3mo	1
3n/4n	1
3og	1
3oy	1
3pp	1
3r/3i	1
3rb	1
3rg	1
3ro	1
3ry	1
3u	1
3y/4y	1
3yg	1
3ygi	1
3ygr	1
3yk	1
3ym	1
3yo	1
3yr	1
4][3]	1
4b/4y	1
4bg	1
4bi	1
4br	1
4by	1
4ci	1
4d	1
4gc	1
4gi	1
4gm	1
4gri	1
4gy	1
4ikg	1
4io	1
4irb	1
4iy	1
4iyb	1
4k=>	1
4lo	1
4lt	1
4m/5g	1
4mb	1
4mo	1
4my	1
4oi	1
4ol	1
4olc	1
4olcd	1
4om	1
4ow	1
4oy	1
4p/4y	1
4pb	1
4r/4y	1
4r>	1
4rb	1
4rbg	1
4rbi	1
4rby	1
4rg	1
4rgb	1
4ro	1
4ry	1
4rygk	1
4v	1
4wgb	1
4wi	1
4y/4g	1
4y/4m	1
4y/4p	1
4ygi	1
5-stall?	1
5[cm]	1
5][5]	1
5b/5g	1
5ce\"	1
5double	1
5gw	1
5ib	1
5ig	1
5ir	1
5iy	1
5lb	1
5mc	1
5r=>	1
5rai	1
5rbi	1
5rog	1
5rp	1
5ry	1
5s	1
5u	1
5y/5o	1
5y/i2	1
5ydi	1
5yg	1
5yi	1
5yk	1
5yo	1
6	1
6/17	1
8-clues	1
:(((	1
:////	1
<---	1
<=	1
=>??	1
???????????	1
??????????????????	1
????????????????????	1
?????????????????????	1
[	1
[!125]	1
[!14]	1
[!1][!3]	1
[!1][!3][n][!5][4]	1
[!1][!4][!5]	1
[!25]	1
[!2]5	1
[!2][!1]	1
[!2][!3]	1
[!45]	1
[!5][!1]	1
[!5][!2][!4]	1
[!5][cm]	1
[!a	1
[!ak	1
[!b3]	1
[!b4]	1
[!b5]	1
[!b][!g][m]	1
[!b][!g][p]	1
[!b][!g][r]	1
[!b][!i][r	1
[!b][!k]	1
[!b][!y][k]	1
[!bg]	1
[!bi]	1
[!bn]	1
[!bpr]	1
[!bprgy]	1
[!byr]	1
[!c]	1
[!ci]	1
[!col]	1
[!f]	1
[!g][!1]	1
[!g][!b][k]	1
[!g][!n]	1
[!g][!r][p]	1
[!g][!w]	1
[!g][!y]	1
[!gb	1
[!gbpr]	1
[!gbr]	1
[!gby]	1
[!i1]	1
[!iy]	1
[!k2]	1
[!k][!p]	1
[!k][!p][!r]	1
[!l]	1
[!lk]	1
[!m2]	1
[!m]	1
[!m][!b]	1
[!mb]	1
[!mbr]	1
[!mg]	1
[!my]	1
[!n2]	1
[!nrb]	1
[!o]	1
[!ot]	1
[!p4]	1
[!p][!b][!y][!k][!g]	1
[!p][!r]	1
[!p][!y]	1
[!p][5]	1
[!p][k	1
[!pg]	1
[!py]	1
[!r][!b]	1
[!r][!g]	1
[!r][!y][!p]	1
[!rby]	1
[!rig]	1
[!rmy]	1
[!ro]	1
[!rtyg]	1
[!rw]	1
[!ry]	1
[!t][!b]	1
[!u1]	1
[!u3]	1
[!u]	1
[!w5]	1
[!w][!y]	1
[!y][!b]	1
[!y][!r]	1
[!y][rg]	1
[!yg]	1
[!yrg]	1
[05]	1
[12]	1
[13]	1
[21][!g]	1
[2]!2	1
[2][!g]	1
[2][!m]	1
[2][!r	1
[2][!y][!b][r]	1
[2][b	1
[2][g	1
[2i]	1
[2ri]	1
[34	1
[35	1
[3][!b]	1
[3][!i]	1
[3][!i][!r][b]	1
[3][!i][b]	1
[3][!o][!y][!r]	1
[3][i	1
[3][k	1
[3][kt]	1
[3][o]	1
[3ab]	1
[4][!i]	1
[4][!r][!g][w]	1
[4][!r][i	1
[4][!y]	1
[4][rgw]	1
[4]looks	1
[4gw]	1
[4m]	1
[4yg]	1
[4yi]	1
[4yr]	1
[5][!i]	1
[5][!y]	1
[5][b5]	1
[5][cm]	1
[5][r]	1
[5]stall	1
[5cm][!b][!r]	1
[5cm][!y][r4]	1
[5cm][3]	1
[5cm][p3]	1
[5yp]	1
[ar]	1
[b	1
[b12]	1
[b15]	1
[b2	1
[b35]	1
[b3][f]	1
[b4	1
[b?]	1
[b][1	1
[b][3	1
[bm]	1
[bn]	1
[bp]	1
[br4]	1
[ci]	1
[cm][	1
[cm][!13]	1
[cm][!25]	1
[cm][!b4	1
[cm][!g4]	1
[cm][!u3]	1
[cm][3	1
[cm][35]	1
[cm][4]	1
[cm][4wbm]	1
[cm][5]	1
[cm][b]	1
[cm][n]	1
[cm][y45]	1
[cm][y]	1
[d3]	1
[d5]	1
[dda]	1
[f]?	1
[f]???	1
[f][!y2]	1
[f][b1]	1
[f][b2]	1
[f][b4]	1
[f][i3]	1
[f][r3]	1
[fix]	1
[g10]	1
[g12]	1
[g2	1
[g23	1
[g25]	1
[g2][f]	1
[g345]	1
[g4	1
[g45]	1
[gb	1
[gb]	1
[gi3]	1
[gi]	1
[gr]	1
[gw45]	1
[gw]	1
[i	1
[i2	1
[i23]	1
[i24]	1
[i345]	1
[i][2	1
[ia]	1
[k	1
[k25]	1
[k5]	1
[lo]	1
[m24]	1
[m3	1
[m][2	1
[mg3]	1
[n234]	1
[n25]	1
[n][!4][!1]	1
[ng]	1
[nr3]	1
[o2	1
[o23	1
[o34]	1
[ocm][i3]	1
[om]	1
[p105]	1
[p24]	1
[p2][f]	1
[p][!1]	1
[r0]	1
[r23	1
[r23]	1
[r2][cm]	1
[r45]	1
[r4][f]	1
[r][4	1
[r][kt]	1
[rb4]b	1
[rip][f]	1
[rk]	1
[rn4]	1
[rp]	1
[ry4]	1
[s5]	1
[sb]	1
[sdcm][!1][!r]	1
[sdcm][m3]	1
[sdcm][r	1
[t47:	1
[tccm]b	1
[tcm][!5][!2]	1
[tcm][!5][!3]	1
[tcm][!p]	1
[tcm][b4	1
[tcm][r5	1
[ti5	1
[u15]	1
[u24]	1
[u25]	1
[u34]	1
[u35]	1
[u3]	1
[u][4	1
[w24]	1
[w3][f]	1
[y12]	1
[y1][f]	1
[y345]	1
[y34]	1
[y3i2y5]	1
[y5	1
[yb3]	1
[ybia]	1
[yg4]	1
[yg]	1
[ygb]	1
[ygr]	1
[yp4]	1
]	1
`shout`	1
a/playable	1
a245	1
a4/lhs/r4	1
ab4	1
absolute	1
absolutely	1
acceptable	1
adcm	1
affected	1
ag2	1
ages	1
agi	1
ago	1
agr	1
agreement	1
ahhhhh	1
akg	1
al	1
ambig-cancel	1
ambig-canceled	1
amount	1
ample	1
answer	1
anti	1
anyway	1
applied	1
apr	1
argue	1
around	1
asaelr	1
asap	1
asd	1
asking	1
ass	1
assynetric	1
automatically	1
averse	1
avoiding	1
awesome	1
aww	1
b)	1
b10	1
b123	1
b14	1
b1>	1
b2/4/5	1
b2/i1	1
b2/m2	1
b2/p4	1
b25	1
b2=>	1
b2>	1
b2][f]	1
b3/m3	1
b34]	1
b42	1
b5]	1
ballsy	1
bastard	1
bbbb55555	1
bbg	1
beautiful	1
beauty	1
become	1
becomes	1
bed	1
behave	1
behaviour	1
belongs	1
bet	1
bg5	1
bgi	1
bgw	1
bi2	1
bias	1
big	1
biggest	1
biggg	1
bingo	1
blazed	1
bloof	1
blues	1
bluff/4b	1
blunder	1
bm3	1
bnsk	1
bo	1
bo23	1
bo3	1
bombing	1
books	1
booooom	1
borderline	1
bp4	1
bpm	1
br4	1
br5	1
brainless	1
brainnzzzz	1
brains	1
brainzzz	1
brave	1
broke	1
bruhhhhh	1
brute	1
bt	1
bubblegumed	1
bwg	1
by4	1
byd	1
byg	1
c24	1
c345	1
c3]	1
c45	1
call	1
canceled-ambig	1
card\"	1
cares	1
carunty	1
cathy	1
causing	1
cells	1
certainly	1
character	1
charmed	1
chose	1
ci1	1
cim1	1
clarify	1
cleaner	1
clear	1
clever	1
closest	1
cm'ing	1
cm2	1
cming	1
cmmmmm	1
co	1
coffee	1
colour	1
colton	1
come	1
comes	1
complete	1
composition	1
compromise	1
considering	1
continuation	1
cool	1
corner	1
corrected	1
correctly	1
corresponds	1
costly	1
cp	1
cream	1
crime	1
crying	1
d23	1
d35	1
darth	1
dayummm	1
dda-filling	1
debacle	1
debatable	1
decided	1
decipher	1
declared	1
deemed	1
default	1
defering	1
deferral	1
definite	1
deja	1
delays	1
delete	1
deleted	1
demonstrate	1
demonstrated	1
depending	1
derek's	1
desperate	1
despicable	1
desynced	1
dhb	1
dick	1
direction	1
dis	1
disallowed	1
discharged	1
discussion	1
distribution	1
doc's	1
doctor	1
doge	1
don	1
don;t	1
dont	1
doubt	1
doubtful	1
dows	1
dozen	1
drawing	1
drawn	1
drunk	1
dubious	1
duke's?	1
easy	1
eb3	1
ebin's	1
echo[cm]	1
edge	1
ee	1
efficiency	1
empathy	1
en5	1
endless	1
ends	1
epic	1
et	1
every	1
everyone's	1
evidence	1
excellent	1
exception	1
exists	1
expects	1
experience	1
explosive	1
f\"ing	1
f3	1
f>	1
fack	1
fancy	1
faster	1
favorite	1
fearless	1
feels	1
fellow	1
fetched	1
figure	1
fill	1
fills	1
finesse\"	1
finesse+	1
finesse+bluff	1
fiora	1
fireheart	1
fkk	1
flaffy's	1
flexibility	1
flori	1
flush	1
fn	1
focused	1
fogetfulness	1
fogotten	1
fool	1
forest	1
forfi	1
forget	1
found	1
fuckkkkk	1
fuckme	1
fuckup	1
fun	1
funnier	1
g105	1
g1]	1
g2/g4	1
g2345	1
g23=>	1
g2m2	1
g2s	1
g3/crit	1
g3/m2	1
g345	1
g345]	1
g3>	1
g4/crit	1
g4/trash	1
g4=>	1
g5]	1
g][r]	1
gamble	1
gasps	1
gb3	1
gb4	1
gbk	1
gbp	1
gbw	1
gd/sacrifice	1
generating	1
gi4	1
gkm	1
gm5	1
gmr	1
gmu2	1
go1	1
go3	1
god's	1
goes	1
gone	1
goodbye	1
gpb	1
gpr	1
grace	1
gray	1
greatest	1
greed	1
greedy	1
greenn	1
gri4	1
griff's.	1
griff=>	1
guessing	1
gutsy	1
guy	1
guys	1
gwb	1
h	1
hahahah	1
hahahaha	1
half	1
haven't	1
having	1
heard	1
hella	1
hinged	1
hmmmm:	1
hmmmmmmmmmmm	1
hmmmmmmmmmmmm	1
honestly	1
hoped	1
hopes	1
how/	1
huhhhh	1
humanity	1
hyper-ambiguous	1
i12	1
i134	1
i1345	1
i234	1
i2345	1
i25	1
i3/4	1
i3/i4	1
i3][!l2]	1
ia4	1
iak	1
iasb	1
ib3	1
ib4	1
ibk	1
ibm	1
ibo	1
iby	1
ic4	1
identity	1
ignored	1
igr	1
ik	1
illegally	1
illogical	1
impatient	1
impeding	1
impending	1
important/crit	1
impressed	1
incoming	1
incorrect	1
inde's	1
indegoooo	1
indegoooooooo	1
indigo	1
intensify	1
intent	1
intentionally	1
interpretation	1
inverse	1
invocation	1
io1	1
ip	1
ipr	1
ir2	1
ir4	1
it5	1
iw	1
iyp	1
jerry	1
jerry's	1
juat	1
justified	1
k1]	1
k2/4	1
k2345	1
k235	1
k24	1
k25	1
k2=>	1
k45	1
kernel	1
kidding	1
kilda's	1
kimbi	1
king	1
knaphill	1
kp	1
kr	1
kt/g	1
kyle	1
l23	1
l][4]	1
la	1
lame	1
layred	1
learn	1
least	1
leave	1
leg	1
li	1
liar	1
liars	1
life	1
line	1
live	1
lke	1
lm	1
lmao	1
lmfao	1
loi	1
lololol	1
loooks	1
losss	1
lost	1
louie	1
lower	1
lowest	1
lr	1
lt23	1
lt34	1
luck	1
m0	1
m135	1
m2/4/5	1
m2345]	1
m245	1
m3/b3	1
m3]	1
m]	1
mad	1
magic	1
mango	1
markus's	1
matches	1
matter	1
max	1
maybeee	1
mayyyyybe	1
mby	1
meaningless	1
mega	1
mega-troll	1
mel:	1
mercilessly	1
mess	1
mi	1
mimic	1
mindless	1
misclicks	1
misses	1
mistake)	1
mistakenly	1
mistakes	1
mk	1
mkq:	1
mn	1
mo1	1
mofo	1
moment	1
moved	1
moves	1
moving	1
mp4	1
mr4	1
mr5	1
mrg	1
mw	1
myb	1
myi	1
n12	1
n1235	1
n235	1
n24	1
n3n4	1
n5]	1
necessarily	1
neeeded	1
new	1
newest	1
ng	1
niceeeeee	1
nitrate's	1
nm23	1
no-ocm	1
nocolor	1
non-omni	1
noneed	1
noo	1
nooooooo	1
noooooooo	1
nooooooooo	1
nooopeeee	1
nopee	1
nopr\\e	1
npoe	1
nr3	1
ns	1
numbers	1
o/i	1
o/trash	1
o245	1
o4/i3	1
o]	1
ob2	1
obligated	1
obscure	1
obvious	1
oc23	1
occams	1
ocm'd	1
ocms	1
odds	1
og23	1
og4	1
ogi	1
ogm23	1
ohhhhh	1
oi2	1
oi23	1
oi34	1
ok34	1
older	1
om3	1
on23	1
once	1
onen	1
oo4	1
oooofffff	1
oopportunity	1
op	1
op2	1
optimistic[r34]	1
or23	1
or4	1
overriden	1
p15	1
p150	1
p2]	1
p35	1
p3]	1
p4/p3	1
p4=>	1
p4]	1
p]	1
p][i]	1
pa	1
pain	1
panic	1
particularly	1
passed	1
patience	1
pay	1
pays	1
people	1
per	1
permanently	1
pg	1
phase	1
place	1
planned	1
playable/1-away	1
playable/5	1
plays)	1
pm23	1
pogchamp	1
point	1
poor	1
possibilities	1
possum	1
potentially	1
pr	1
practically	1
precedence	1
predictable	1
premature	1
preserve	1
prevention	1
previous	1
prio'ing	1
prolly	1
promises	1
proof	1
pulled	1
purely	1
put	1
pv	1
pvr	1
pvrt	1
pw	1
pyg	1
pyr	1
question	1
r/y	1
r15	1
r1=>	1
r2/i5	1
r2/r1	1
r234]	1
r345	1
r3[cm]	1
r3]	1
r>	1
r]	1
r][b]	1
ra	1
rachy	1
rainbow	1
rb2	1
rbi	1
rbm	1
rbp	1
rcsf	1
rd5	1
reaalllly	1
reads	1
rebellious	1
recent	1
reclueing	1
redundant	1
refusal	1
regarding	1
regardless	1
reinforce	1
relatively	1
relying	1
replay	1
reserved	1
resort	1
retard	1
rethink	1
retroactively	1
rg3	1
rgp	1
rgpk	1
rgw	1
ride	1
righteous	1
rkg	1
rm5	1
ro	1
ro5	1
rounds	1
rr	1
rtf	1
rv	1
rygb	1
ryim	1
ryw	1
s5	1
sac	1
safely	1
sarcastic	1
save/finesse?	1
sbn	1
scared	1
scb	1
science	1
score	1
screaming	1
screw	1
screwed	1
seat	1
second	1
seeming	1
self-finesse?	1
seriously	1
setting	1
sg	1
shark	1
shifting	1
sighted	1
signal	1
sin's	1
sj	1
slot1	1
slow	1
smallest	1
sneaky	1
something	1
somewhat	1
sooner	1
soooo	1
spook	1
sr	1
stage	1
stall/5cm	1
stall/cm	1
stall/early	1
stall/finesse?	1
stalling	1
stalllll	1
starved	1
steal	1
stephen	1
stlll	1
stretch	1
suck	1
sucks	1
suite	1
suppose	1
surprise	1
surreptitious	1
survived	1
sy	1
sync	1
t#5	1
t1/g4/b2	1
t17:???????	1
t20:playing	1
t234	1
t25:!play	1
t28:!play	1
t31	1
t4/5	1
t40:?????	1
t41	1
t42	1
t47	1
t48	1
t48:	1
t4]	1
t4]]	1
t50	1
t50:	1
t51:	1
t52:	1
t53	1
t54:	1
t55	1
t5;	1
taffy	1
talk	1
tbcm	1
tc	1
tcms	1
team	1
telling	1
tf	1
thankfuly	1
that's	1
these	1
thinking	1
those	1
ti23	1
till	1
time's	1
timer	1
tl	1
tm3	1
tor	1
touching	1
trah	1
trash/w	1
trashed	1
treat	1
tricky	1
trurnabout	1
truth	1
tu	1
u25	1
ugly	1
uhhhhhhh	1
uhhhhhhhhhhhh	1
ultimate	1
ultra	1
un-cm	1
unavailable	1
unavoidable	1
uncalled	1
understands	1
undo	1
unecessary	1
unempathetic	1
unexpected	1
unfixable	1
unholy	1
unlucky	1
unraveling	1
uod	1
urgent	1
urggggg	1
urggggghhhhh	1
urrgghhhh	1
utc	1
utp	1
v1	1
v4	1
versa	1
vice	1
vl	1
vs	1
vu	1
w24	1
w]	1
wants	1
warned	1
wasn't	1
waste	1
watch	1
ways	1
wbry	1
wdcm	1
were	1
what's	1
whatever	1
wht	1
whyyyyyy	1
win	1
wisest	1
within	1
witt's	1
woah	1
wondering	1
words	1
worh	1
wortel	1
worthy	1
wouldn't	1
wp	1
writes	1
wt	1
wta[f]	1
wutttt	1
wy	1
xor	1
xor's	1
y05	1
y1/	1
y13	1
y2/4	1
y2/crit	1
y25	1
y2=>	1
y2>	1
y345	1
y3i2y5	1
y4/i2	1
y4][f]	1
y4maybe	1
y4s	1
y]	1
yayyy	1
yb4	1
yba	1
ybg	1
ybim	1
ybt	1
ybw	1
yd	1
yell	1
yg2	1
ygk	1
ygw	1
yi3	1
yia	1
yib	1
yim	1
ym1	1
ym2	1
ym23	1
ym4	1
yn4	1
yo23	1
yo3	1
yo5	1
yp5	1
ypg	1
ypk	1
yr4	1
yrg	1
yrgb	1
yrp	1
yt	1
yuck	1
ywi	1
ywr	1
zam's	1
zamiel	1
zero	1
