Note	Frequency (39562 in total)
f	2393
cm	2126
this	1414
i	952
is	718
to	548
not	510
be	509
a	440
the	414
or	365
lol	353
it	336
if	307
5	283
clue	283
should	279
play	276
but	267
on	259
maybe	232
likely	225
was	216
for	213
b4	195
kt	195
have	194
think	193
just	189
no	187
known	185
3	184
2	179
r3	177
g3	173
g4	173
oh	171
r4	169
as	165
b3	162
4	159
now	159
of	157
possible	147
discard	145
prio	145
like	144
and	142
y4	142
b2	139
adrone	137
in	137
piano	137
so	137
from	133
you	132
must	131
my	128
red	128
fix	127
1	126
what	124
that	121
me	120
right	118
with	116
bomb	114
trash	110
y3	110
bad	109
here	105
can	103
probably	101
i3	100
stall	99
do	98
r2	98
i4	96
y2	95
blue	94
he	93
we	93
get	92
p3	90
could	89
damn	89
m4	89
then	89
g2	88
guess	87
bluff	86
shoulda	86
hand	85
finesse	84
give	84
r5	84
save	84
5pp	83
im	83
why	83
will	83
m3	80
gonna	78
dont	77
has	77
i2	77
p4	77
did	76
plz	76
one	73
push	73
hm	70
:p	69
b5	69
5ce	68
positional	68
would	68
out	66
am	65
at	65
cant	65
fuck	64
g5	64
green	64
does	63
pull	63
sure	63
how	62
its	61
yellow	61
lets	60
m2	60
m5	60
might	60
playable	58
still	58
played	57
thinks	57
well	57
chop	56
after	55
double	55
cm'd	54
hopefully	54
i5	52
instead	52
know	52
p2	52
i1	51
nope	51
1s	50
are	50
god	50
y5	50
about	49
any	49
g1	49
looks	49
plays	49
u2	49
all	48
card	46
clued	46
2pp	45
really	45
don't	44
whoops	44
clues	43
unclear	43
utd	43
cmd	42
kimbi	42
k3/4	41
okay	41
some	41
though	41
u5	41
need	40
r1	40
see	40
eh	39
missed	39
most	39
other	39
p5	39
also	38
b1	37
both	37
damnit	37
way	37
def	36
either	36
good	36
huh	36
prompted	36
something	36
turn	36
u3	36
w4	36
better	35
n3	35
n5	35
8	34
again	34
assume	34
even	34
fishcat	34
o3	34
o4	34
shit	34
when	34
forgot	33
playing	33
since	33
thank	33
want	33
dumb	32
seems	32
sorry	32
can't	31
let	31
piper	31
time	31
y1	31
k3	30
prompt	30
touch	30
->	29
3s	29
5s	29
:(	29
doesn't	29
going	29
point	29
super	29
up	29
w3	29
actually	28
bombs	28
cause	28
n2	28
possibly	28
these	28
u4	28
2s	27
brown	27
dda	27
isnt	27
k2	27
lose	27
shouldnt	27
tccm	27
game	26
k4	26
m1	26
o2	26
pink	26
scream	26
slot	26
thought	26
u1	26
very	26
4s	25
an	25
had	25
n1	25
too	25
work	25
because	24
discarded	24
discuss	24
g2->	24
hope	24
make	24
null	24
perhaps	24
suppose	24
w2	24
wtf	24
been	23
cards	23
critical	23
curious	23
feel	23
figure	23
got	23
lhs	23
only	23
supposed	23
which	23
3pp	22
[cm]	22
anymore	22
finessed	22
given	22
loaded	22
makes	22
nvm	22
stale	22
b4e->	21
before	21
dunno	21
focus	21
go	21
i'm	21
muddy	21
n2/5	21
nice	21
read	21
t4	21
were	21
wrong	21
another	20
by	20
lost	20
lpc	20
m2/5	20
mean	20
multi	20
o1	20
please	20
take	20
tempo	20
uh	20
unlikely	20
wanna	20
2save	19
4pp	19
didn't	19
later	19
over	19
presumably	19
r3->	19
risk	19
woah	19
bye	18
elim	18
haha	18
hoping	18
there	18
unless	18
yup	18
100%	17
color	17
coulda	17
down	17
fault	17
isn't	17
locked	17
technically	17
wanted	17
yes	17
already	16
clearly	16
fixme	16
fucked	16
gm	16
hard	16
n4	16
oop	16
purple	16
r5->	16
safe	16
same	16
tell	16
try	16
being	15
cannot	15
doing	15
garbage	15
knows	15
look	15
lvl	15
more	15
needed	15
next	15
suspect	15
trust	15
unecessary	15
y4->	15
yeah	15
--	14
:)	14
ambig	14
b2e->	14
blind	14
bluffed	14
certain	14
cluing	14
ill	14
keep	14
last	14
moved	14
o5	14
omni	14
t2	14
theres	14
us	14
w5	14
wasn't	14
works	14
y2->	14
?	13
ambiguous	13
b3->	13
clear	13
confused	13
didnt	13
duplicate	13
early	13
fixed	13
least	13
line	13
may	13
p1	13
pretty	13
r4->	13
stop	13
y	13
...	12
back	12
discarding	12
draw	12
enough	12
first	12
g3/4	12
gotten	12
happening	12
important	12
into	12
long	12
much	12
n2->	12
promised	12
sarcastic	12
say	12
t4->	12
t5	12
white	12
yet	12
a3	11
anyway	11
black	11
bottom	11
come	11
context	11
done	11
ejection	11
flori	11
g	11
gets	11
goes	11
gotta	11
hahaha	11
huxley	11
interesting	11
jesus	11
k	11
k1	11
m3/4	11
notes	11
ptd	11
pulled	11
reclue	11
schark	11
single	11
than	11
through	11
w1	11
worth	11
y2e->	11
5stall	10
99%	10
ah	10
available	10
best	10
bluffs	10
else	10
ever	10
everything	10
exactly	10
forget	10
genuinely	10
immediately	10
incase	10
inversion	10
kyle	10
means	10
needs	10
off	10
oops	10
otherwise	10
plus	10
quack	10
question	10
r3/4	10
science	10
shoot	10
took	10
unfortunate	10
wait	10
welp	10
woop	10
worried	10
woulda	10
write	10
your	10
zam	10
5save	9
adrones	9
away	9
b	9
b5->	9
care	9
choice	9
cm's	9
discards	9
distracted	9
hate	9
his	9
ignition	9
libster	9
man	9
meh	9
n4/5	9
nocm	9
ocm	9
odd	9
oof	9
order	9
pianos	9
promise	9
r	9
r2->	9
saved	9
self	9
snap	9
stalls	9
stephen	9
t25	9
them	9
tho	9
tried	9
wasnt	9
whats	9
where	9
wow	9
y1->	9
almost	8
anything	8
b2/3	8
bitch	8
charm	8
combo	8
discharge	8
doesnt	8
fake	8
find	8
g5->	8
gamble	8
giving	8
gone	8
i'll	8
kinda	8
let's	8
made	8
meant	8
n1->	8
never	8
r2e->	8
reverse	8
spose	8
stalling	8
suck	8
t10	8
t14	8
t23	8
t3	8
t44	8
touched	8
weird	8
who	8
y2/3	8
yay	8
+	7
3bluff	7
5nd	7
:'(	7
adrone's	7
always	7
avander	7
b2->	7
b4/5	7
bit	7
bombed	7
christ	7
g3->	7
generation	7
hes	7
i1->	7
k5	7
left	7
lock	7
lucky	7
m	7
move	7
o	7
oj	7
p	7
p4->	7
potential	7
pretend	7
r/g3	7
r1->	7
r5e->	7
red5	7
screamed	7
shouldn't	7
sjdrodge	7
somewhere	7
t1	7
t12	7
t22	7
t28	7
totally	7
u5->	7
unfortunately	7
until	7
using	7
whatever	7
win	7
woo	7
worst	7
yall	7
0	6
[f]	6
a4	6
attempted	6
avoid	6
b3/4	6
believe	6
blues	6
chance	6
cm'd?	6
consider	6
dani	6
die	6
fine	6
gives	6
happen	6
hell	6
hey	6
ima	6
jake	6
kick	6
layered	6
less	6
literally	6
longer	6
loss	6
m4/5	6
m5->	6
matches	6
mucked	6
n	6
n2/3/4/5	6
nothing	6
p2->	6
p2e->	6
p3/4	6
prism	6
prolly	6
proper	6
purp	6
r3e->	6
r4e->	6
rather	6
shame	6
start	6
starting	6
sucks	6
suspects	6
t11	6
t13	6
t24	6
t26	6
t30	6
t32	6
t36	6
t7	6
thats	6
trying	6
turns	6
u1->	6
u2->	6
udd	6
useful	6
w5->	6
without	6
wouldnt	6
y3/4	6
y4/5	6
1's	5
8clue	5
a1	5
a5->	5
af	5
ago	5
allowed	5
although	5
answer	5
assumed	5
attention	5
b1->	5
b5+m5->	5
bcme	5
bombing	5
bonja	5
cares	5
certainly	5
chose	5
classic	5
clearer	5
cmon	5
crazy	5
cycle	5
decked	5
definitely	5
delayed	5
dirty	5
drew	5
e	5
eject	5
entertain	5
every	5
expecting	5
extra	5
farewell	5
feels	5
figured	5
force	5
fucker	5
g/y3	5
g1->	5
great	5
guy	5
hahahaha	5
hanabi	5
hit	5
hold	5
horrible	5
hux	5
i3/4/5	5
i3/5	5
id	5
ignore	5
leave	5
lib	5
lie	5
life	5
looking	5
luck	5
many	5
markus	5
mice	5
mistake	5
mother	5
myself	5
n4->	5
n5+n2->	5
nah	5
nooo	5
nooooo	5
ohhh	5
oj3	5
our	5
p1->	5
pace	5
pestilent	5
pp	5
prio'd	5
pushed	5
r/g4	5
r4/5	5
reason	5
reclued	5
refresher	5
remember	5
s	5
sad	5
score	5
self-cm	5
such	5
t18	5
tan4->	5
times	5
today	5
twice	5
u2e->	5
unsure	5
utp	5
waste	5
y3->	5
y3/4/5	5
....	4
6	4
95%	4
??	4
a2	4
aight	4
around	4
atm	4
aw	4
b/g3	4
b/r2	4
b/r4	4
b4->	4
b5e->	4
blame	4
bonus	4
broke	4
browns	4
burn	4
caitlin	4
combination	4
completely	4
considered	4
cool	4
deal	4
decide	4
dig	4
discussion	4
dmoney	4
dobi	4
efficiency	4
ezra	4
fillin	4
finesses	4
focused	4
full	4
g2/3	4
g4->	4
g4/5	4
games	4
getting	4
gray	4
happened	4
help	4
him	4
i4x2?->	4
i5->	4
interested	4
kidding	4
l3	4
level	4
little	4
lord	4
love	4
low	4
m2->	4
m3/5	4
m4e->	4
melwen	4
messed	4
mind	4
mine	4
miss	4
missing	4
moves	4
n2/3/5	4
n3/5	4
necessary	4
nervous	4
noice	4
noooo	4
of:	4
oj4->	4
once	4
own	4
p2/3	4
p3e->	4
page	4
pass	4
poor	4
priority	4
pushing	4
r2/3	4
realize	4
realized	4
red1	4
red4	4
redistribute	4
regardless	4
replay	4
review	4
risky	4
round	4
sapphire	4
saving	4
saw	4
screw	4
second	4
sin	4
skipped	4
slightly	4
sumbitch	4
swear	4
t19	4
t20	4
t21	4
t29	4
t3/4	4
t31	4
t39	4
t43	4
t8	4
t9	4
takes	4
talk	4
talked	4
teal	4
they	4
things	4
trusting	4
u2/5	4
untouched	4
vote	4
vs	4
w1->	4
w2->	4
warmup	4
we'll	4
while	4
whole	4
world	4
writes	4
y/b4	4
y3e->	4
youre	4
(unless	3
.	3
0%	3
11	3
5cm	3
5pull	3
90%	3
:\	3
absolutely	3
ahhh	3
ahming	3
anxiety	3
assumes	3
avoiding	3
b/i3	3
b/y4	3
b2-->	3
b3/4/5	3
b4e	3
balls	3
ballsy	3
c1	3
c4	3
came	3
case	3
caused	3
check	3
clandestine	3
clever	3
cms	3
coming	3
considering	3
couldnt	3
cry	3
currently	3
deciding	3
deck	3
declined	3
deep	3
determine	3
digging	3
disagree	3
discussed	3
drop	3
dropped	3
duped	3
duplicated	3
explain	3
fact	3
finally	3
fixes	3
fixing	3
followup	3
fpe	3
free	3
fuckin	3
g/p4	3
g/r3	3
g/r4	3
g2e->	3
g3/i3	3
g5e->	3
gd	3
goddamnit	3
goin	3
guaranteed	3
hesitation	3
highly	3
hole	3
honestly	3
hurt	3
i've	3
i2+i3->	3
i3/4	3
i4->	3
i4x2->	3
ideally	3
ignored	3
indeed	3
jeff	3
justin	3
k2/3/4	3
k4/5	3
killed	3
knew	3
l5	3
lime	3
lul	3
m1e->	3
m2/3	3
m2/3/5	3
m2/4/5	3
m3/4/5	3
m4+m5->	3
making	3
matching	3
matter	3
mistakes	3
moment	3
n2/4/5	3
navy	3
neg	3
negative	3
nicely	3
normally	3
null2	3
null5	3
o3->	3
ofi	3
oo	3
opc	3
others	3
p/g4	3
patch	3
paying	3
perfect	3
pianoblook	3
pipers	3
positionals	3
possible:	3
previous	3
pulling	3
pushes	3
quickly	3
quite	3
r/m5	3
r/y4	3
r1/s	3
r4e-)	3
rank	3
real	3
reds	3
resolve	3
ritz	3
rkass	3
row	3
scb	3
scenario	3
scharks	3
sees	3
set	3
shadow	3
she	3
situation	3
solid	3
someone	3
soon	3
sooner	3
spend	3
spicy	3
spot	3
strange	3
stuff	3
stupid	3
suboptimal	3
suit	3
t15	3
t17	3
t2->	3
t27	3
t3/4/5	3
t33	3
t38	3
t40	3
t42	3
t45	3
t46	3
t57	3
t65	3
tan4	3
thinking	3
touching	3
tricky	3
true	3
u4->	3
u4/5->	3
uncertain	3
unlock	3
unnec	3
went	3
whatevs	3
whew	3
wont	3
worked	3
x2	3
xmil	3
y/m4	3
y/r4	3
y2/4	3
y5->	3
ye	3
#2	2
(not	2
2's	2
2/5	2
23	2
2nd	2
2p	2
2x	2
34	2
3bluffs	2
3rd	2
7	2
80%	2
99.9%	2
???	2
a5	2
abandon	2
abuse	2
ahead	2
applies	2
arent	2
argue	2
ask	2
asked	2
ass	2
assuming	2
aware	2
awesome	2
b/g2	2
b/g3->	2
b/g4	2
b/m1	2
b/m3	2
b/p4	2
b2e	2
b3+g2	2
b3/m3	2
b4/m4	2
b4/r4	2
b4s	2
b5/4?	2
badly	2
banking	2
based	2
beautiful	2
becomes	2
bet	2
blaze	2
bleh	2
bluff/	2
board	2
bom	2
brutal	2
bubblegum	2
bud	2
bunch	2
c2	2
c3	2
carunty	2
causes	2
charms	2
cheeky	2
cluable	2
cm/	2
comin	2
comp	2
confident	2
confusion	2
contextually	2
correct	2
da	2
dark	2
dead	2
depending	2
desparate	2
diff	2
digs	2
directly	2
discardable	2
doin	2
drawing	2
drawn	2
duck	2
dug	2
dupe	2
duper	2
durn	2
earlier	2
echo	2
educate	2
eh/	2
ejected	2
em	2
end	2
exact	2
excited	2
excuse	2
exist	2
expect	2
explanation	2
fair	2
fast	2
feelsbad	2
fill-in	2
finessing	2
fischat	2
fishcats	2
floriman	2
flush	2
followed	2
fool	2
ftl	2
ftw	2
fucking	2
future	2
g/b2	2
g/b4	2
g/i2	2
g/p/b4	2
g/p2	2
g/r2	2
g/y4	2
g2/m3	2
g2e	2
g3/4/5	2
g4/i4	2
g4e->	2
gave	2
generate	2
gm'd	2
goddamn	2
green5	2
grey	2
guilt	2
guys	2
hahah	2
hands	2
happens	2
having	2
head	2
heres	2
hilarious	2
hits	2
hmm	2
holy	2
hoodie	2
horribly	2
hunting	2
hurray	2
i'd	2
i2/3	2
i2/3/5	2
i2e->	2
i4+5	2
i4/5	2
idea	2
ideas	2
info	2
information	2
interpreted	2
intriguing	2
invert	2
isntead	2
issues	2
it's	2
ive	2
jake's	2
k/p4	2
k1->??	2
k2+	2
k3/4/5	2
k5->	2
keeps	2
kevin	2
kilda	2
kimb	2
kimbi's	2
kimbis	2
l2	2
l4	2
lanvin	2
learn	2
liekly	2
lies	2
likelyt	2
live	2
loop	2
losing	2
m/g5	2
m2/3/4/5	2
m3->	2
m3/4/5?	2
m4->	2
marked	2
match	2
messing	2
mid	2
miggt	2
misplay	2
moving	2
mud5	2
muddy3	2
n2/3/4	2
n3/4/5	2
n345	2
n5->	2
non	2
noooooo	2
normall	2
notice	2
o1/i1	2
o1/l5	2
obvious	2
obviously	2
occupied	2
ocms	2
ocp	2
ohh	2
ohhhh	2
oj2	2
oj4	2
ol	2
ooo	2
ooooo	2
option	2
p/m3	2
p2/4	2
p3->	2
p4->?	2
p4/5	2
p4e->	2
pablo	2
part	2
passing	2
pause	2
pay	2
permission	2
perspective	2
phase	2
picked	2
pissed	2
poke	2
poorly	2
position	2
priod	2
prioing	2
prob	2
probable	2
problem	2
prompts	2
properly	2
pure	2
put	2
r/b/k	2
r/b2	2
r/b4	2
r/g/p2	2
r/y2	2
r/y2?	2
r2->?	2
r2/4	2
r3/4/5	2
r3/5	2
r4/i4	2
r4e	2
re-clue	2
re-f	2
reads	2
recall	2
red3	2
refuse	2
regret	2
required	2
ride	2
right/	2
robense	2
rounds	2
ruined	2
rules	2
ry4	2
says	2
scared	2
scienk	2
screaming	2
self-f	2
sense	2
seriously	2
shadows	2
shark	2
sheer	2
show	2
sieve	2
slowest	2
solution	2
somethin	2
son	2
sonofabitch	2
stacked	2
stick	2
stkilda	2
stopped	2
strictly	2
struggling	2
subtle	2
suddenly	2
suits	2
surprise	2
survey	2
sweet	2
swine	2
t16	2
t34	2
t35	2
t37	2
t41	2
t48	2
t6	2
t70	2
taking	2
targets	2
tells	2
test	2
therefore	2
throw	2
thrown	2
till	2
timer	2
together	2
told	2
topic	2
truth	2
ty	2
u2/3/5?	2
u3->	2
u4+u5->	2
u4/5	2
ugh	2
unnecessary	2
use	2
used	2
variant	2
w/b4	2
w4->	2
we're	2
wether	2
wouldn't	2
written	2
y/b2	2
y/r2	2
y1/g3	2
y2/b2	2
y2/m2	2
y3/a3	2
y4/i4	2
ya	2
yell	2
"""fix"""	1
"""oh"	1
#	1
#2?	1
#3?	1
$20	1
%	1
'5'	1
'certain	1
'delayed'	1
'double	1
'loaded'	1
'negative'	1
'oh.	1
'purple'	1
(assuming	1
(b3	1
(by	1
(except	1
(maybe	1
(or	1
(possible	1
(t35)???	1
(though	1
---	1
-->	1
-->?	1
.sorry	1
/4	1
/5	1
1)	1
1-2	1
1/2	1
1/2?	1
1/3?	1
10	1
13	1
15	1
17	1
1cm	1
1save	1
2+	1
2->	1
2/3	1
2/o1	1
29	1
3+	1
3/4	1
30s	1
37	1
3blfuf	1
3s)	1
4's	1
4->	1
4.0!	1
40%	1
4th	1
5-	1
5->	1
5.fuck.	1
5/any3	1
50/50	1
57%	1
5ces	1
5cm'd	1
5pp;	1
70%	1
9	1
:	1
:()	1
:d	1
;)	1
<-	1
?!?!	1
????	1
[f]?	1
[lpc]	1
[p4]	1
a/b/r3	1
a/b2	1
a3/4	1
abd	1
above	1
absoultley	1
absurdly	1
accept	1
adam	1
afraid	1
afterward	1
again/	1
agani	1
aggressive	1
ain't	1
air	1
allow	1
allows	1
alrighty	1
amkes	1
anad	1
any5	1
any5s	1
anyone	1
anytone	1
apart	1
aply	1
appropriate	1
aroma	1
assumption	1
attempt	1
auto	1
avoidance	1
aww	1
ay	1
b/g5	1
b/k4	1
b/m2	1
b/p	1
b/p2	1
b/p3	1
b/r/g4	1
b/r3	1
b/w3	1
b/y/g	1
b/y/g4	1
b/y2	1
b/y3	1
b1->b2?	1
b1/2/3?	1
b1/5->	1
b1/m3	1
b1e->	1
b1s	1
b2)	1
b2/3/5	1
b2/3?	1
b2/4	1
b2/b3	1
b2/i2	1
b2/i4	1
b2/m2	1
b2s	1
b3/5	1
b3/b4/m2	1
b3/m1	1
b3/m2	1
b3/m5	1
b3/p4?	1
b34/g4	1
b3e	1
b3e->	1
b4/3	1
b4/a4	1
b4/i4	1
b4/m2345	1
b4/o3	1
b4e->?	1
b4likely	1
b4then	1
b5/3	1
b5/m5/u5	1
bank	1
baout	1
baton	1
bb	1
be:	1
became	1
becuase	1
begging	1
behbeh	1
belives	1
bidniss	1
big	1
biting	1
bj	1
bjnh	1
blast	1
blew	1
blindplay	1
blocking	1
blook	1
blown	1
blows	1
blue)	1
bluff'	1
bluff?!?!/	1
blufftarget	1
bnlacks	1
bnnonoooooooooo	1
bone	1
bonjas	1
bot	1
bout	1
break	1
breaks	1
bring	1
brown1/	1
bubble	1
bullpoopy	1
bum	1
burden	1
burns	1
buttons	1
c	1
cait	1
call	1
called	1
canwe	1
cardb3->	1
chacne	1
chances	1
change	1
chaos	1
charmed	1
chasm	1
chicken	1
choose	1
chris	1
chris'	1
claim	1
clarifies	1
clarify	1
cleaner	1
cleans	1
cleared	1
click	1
clud	1
clue/	1
clueable	1
clues/	1
cm'd...	1
cm'd??	1
cm'ing	1
cm's...	1
cm;d	1
cm?cm	1
cmk	1
cmwith	1
cmx2	1
cmx3	1
cn	1
coinsidering	1
colors	1
colton	1
comes	1
comitting	1
committed	1
concerned	1
confidence	1
confirm	1
confirmed	1
confirms	1
confuses	1
confusing	1
constant	1
contex	1
continue	1
convenient	1
conventions	1
coo	1
coolio	1
corner	1
correct/	1
corresponds	1
coule	1
count	1
counts	1
course	1
crap	1
craziness	1
crit	1
criticals	1
curiousity	1
cut	1
damint	1
darn	1
daryl	1
dat	1
dawn	1
day	1
db	1
dealt	1
death	1
decent	1
decides	1
decking	1
decks	1
defer	1
deferring	1
definite	1
definitelyt	1
definitive	1
delaying	1
demonstrated	1
depends	1
desparately	1
destiny	1
destroy	1
destroying	1
desynched	1
detail	1
devolved	1
diael	1
die/	1
dies	1
different	1
diggin	1
directlywith	1
discarding/	1
discharged	1
dislike	1
dissalowed	1
disuss	1
div	1
dmanit	1
do-over!	1
doenst	1
does/doesnt	1
dog	1
dogs	1
doign	1
don;t	1
doubt	1
doubtful	1
downhill	1
drawncm	1
drawring	1
draws	1
drodge	1
drone	1
drops	1
dsicard	1
dude	1
duh	1
dumbest	1
dun	1
dupes	1
duping	1
duplicate1	1
duplicates	1
dying	1
earlygame	1
easily	1
easy	1
eat	1
ebin	1
edge	1
eek	1
effectively	1
efficient	1
ejwu	1
elims	1
emily	1
endgame	1
ending	1
enjoy	1
ensure	1
entertaining	1
entire	1
entirely	1
entirety	1
equivalent	1
error	1
eternity	1
eventually	1
everyone	1
example	1
excellent	1
except	1
exception	1
expected	1
experienced	1
explode	1
extend	1
extreme	1
extremely	1
eyes	1
ez	1
face	1
failed	1
failure	1
far	1
fate	1
fault-o.	1
fck	1
fckin	1
fear	1
fell	1
fella	1
felt	1
few	1
ffs	1
fi	1
field	1
filled	1
filling	1
final	1
finese	1
finesse'	1
fir	1
firs.t.	1
first/	1
fishcatdoesn't	1
fix??)	1
flipped	1
floundering	1
flow	1
fo	1
folks	1
follow	1
follow-up	1
foo	1
forces	1
forever	1
forgetting	1
forgive	1
forgotten	1
forward	1
fresh	1
fromt27	1
fualt	1
fucka	1
fucks	1
fully	1
funky	1
further	1
fuuuucked	1
g/b/w4	1
g/b/y2	1
g/b3?	1
g/b5	1
g/i/p3	1
g/i4	1
g/m3	1
g/m4	1
g/p/y3	1
g/p1	1
g/r	1
g/r/p/t4	1
g/r/p4	1
g/r3?	1
g/r5	1
g/y5	1
g1/m1	1
g1/o2?	1
g1/o3	1
g1e->	1
g1s	1
g2/3->	1
g2/3/4/5	1
g2/4	1
g2/4/5	1
g2/5	1
g2/i2	1
g2/i2...	1
g2/i3/g3	1
g2/m1	1
g2/m2	1
g23	1
g2x2->?	1
g3(maybe)	1
g3/5	1
g3/g4	1
g3/m1	1
g3/m2/m5	1
g3/o3	1
g3/o3?	1
g3/p3	1
g3e->	1
g4/multi	1
g4/t3	1
g4e	1
g5->?	1
gah	1
gambling	1
garbage1	1
gauntlet	1
general	1
generating	1
geneuinly	1
genius	1
genuine	1
gettin	1
gf	1
gg	1
ghe	1
givne	1
glorious	1
goign	1
gona	1
goround	1
gotcha	1
gots	1
graham	1
granted	1
gray3	1
gray5	1
greatest	1
green/	1
griff	1
gs	1
guarantee	1
guiess	1
haev	1
hah	1
hahahah	1
hahahahaha	1
hahahahahahaha	1
hakha	1
half	1
han	1
hanabis	1
hand'	1
hari	1
havent	1
he'd	1
headed	1
hed	1
hesitation/	1
history	1
hizzouse	1
hmmm	1
hod	1
holding	1
holler	1
homes	1
honobu	1
hoped	1
hopeful	1
hopefuolly	1
horrendous	1
horribad	1
horrific	1
however	1
hsould	1
hsouldnt	1
hurrah	1
huxleys	1
huzley	1
i'ma	1
i/li5	1
i1/m2	1
i1e	1
i2->	1
i2/3/4/5	1
i2/5	1
i2/b2	1
i2/i3	1
i2/o2	1
i2?\	1
i2e->nope	1
i3->	1
i3/4?	1
i3/b3	1
i3/r1	1
i4/w4	1
identify	1
ight	1
ignition/	1
ignoring	1
iios	1
imagine	1
impact	1
inc	1
inclined	1
incorrectly	1
increase	1
indicate	1
inexperience	1
insane	1
insanity	1
inside	1
insta	1
instant	1
intended	1
intent	1
intentionally	1
interpretation	1
introduced	1
inverted	1
inverts	1
involved	1
iot	1
irrelevant	1
isabel	1
isable	1
it'	1
it)	1
itll	1
iwth	1
jack	1
jack/lanvin	1
jeebus	1
joel	1
juicy	1
jus	1
justbad	1
juts	1
juyst	1
k1->??]	1
k1/3/4?	1
k2->	1
k2/m2/w2	1
k3/5	1
k4+k5	1
k4->	1
k4->??	1
k4/g4	1
k4/r4	1
k5/m3	1
kakashi	1
kicks	1
kindly	1
king	1
knonn	1
knowing	1
knowning	1
ktg	1
kyle's	1
kyles	1
l1	1
l2/3	1
l2/o1	1
labelled	1
lanvin's	1
later]	1
lawd	1
lay	1
learning/	1
leaving	1
left-most?	1
left-pink	1
legit	1
lelouch	1
lemme	1
letting	1
lh	1
li2->	1
li4	1
li5	1
liar	1
libs	1
libster's	1
libsters	1
lied	1
lik	1
likin	1
lilliana	1
lined	1
livia	1
locking	1
locks	1
lol;	1
lololol	1
lolololol	1
lolstomp	1
lolwut	1
lolx2	1
longest	1
looked	1
loose	1
lordy	1
loser	1
loses	1
lots	1
lover	1
lovin	1
lp4	1
lued	1
lurdy	1
lying	1
m/b5	1
m/k/w4	1
m/p4	1
m/r1	1
m1/b1	1
m1/b3	1
m1/g1	1
m1/o1	1
m1/r1	1
"m2"""	1
m2/g3	1
m2/u3	1
m225	1
m24/r4	1
m3/g4	1
m3/i3	1
m3/k2/k3	1
m3/k3	1
m3/m5/r3	1
m3/r2/r3	1
m3/r4	1
m35	1
m4/	1
m4/5/r4	1
m4/b23	1
m4/p3	1
m4/y4	1
m5/g5	1
m5/n2/n5	1
m5e->	1
mad	1
magical	1
mah4	1
mahog4	1
mahog5	1
management	1
mango	1
master	1
math	1
maybe/	1
mayhaps	1
measures	1
melwens	1
mess	1
message	1
messy	1
middy	1
mighta	1
mistaken	1
mister	1
mm5/2	1
mocm	1
modulation	1
mostlikely	1
msised	1
muahahahah	1
mud2->	1
muddied	1
muddy1->	1
muddy2	1
muist	1
multi/	1
multiple	1
murderer	1
mutha	1
n1/2/5	1
n1/o1	1
n2+3	1
n2/5?	1
n2/n5	1
n3->	1
n3//4	1
n3/4	1
n3e->	1
n4/5?	1
n5/2	1
n5/4?	1
neg3	1
neither	1
new	1
newly	1
nkkarpov	1
nnnnooooooooooo	1
nnnoooooooo	1
nnnooooooooooooooooooo	1
nnooooo	1
nnooooooooooo	1
no-cm	1
no-ocm	1
noi	1
non-critical	1
non-playable	1
none	1
nooooooo	1
noooooooo	1
nooooooooooooooooooooooooooo	1
noop	1
normal	1
note	1
now/	1
nowhere	1
nred	1
nuh	1
null2/5	1
null5->	1
nulls	1
number	1
nwa	1
nwo	1
o/	1
o/i4	1
o/m/g4	1
o/m4	1
o/p/g/n3	1
o/r3	1
o/w	1
o2+	1
o2->	1
o2/3/4	1
o2/4	1
o2/r2	1
o2/y2	1
o23/l3	1
o3/r1	1
o34	1
o3e	1
o4->	1
o4/5	1
o4/o5	1
o4/w4	1
o5->	1
occur	1
ohhhhh	1
ohwow	1
oihhhh	1
oj1	1
ol'	1
old	1
omni2	1
on/	1
on4	1
ont12	1
onto	1
oopsies	1
open	1
opens	1
options	1
ot	1
ouch	1
outcome	1
overthinking	1
owuld	1
p/b/g4	1
p/b/r/y3	1
p/b/t4	1
p/b3	1
p/b4	1
p/g5	1
p/i5	1
p/k2	1
p/m1	1
p/m2	1
p/m4	1
p/m5	1
p/r/y3	1
p/r4	1
p/t/y/b	1
p/y/a3	1
p/y1	1
p/y3	1
p1/	1
p1/5	1
p1s	1
p3/5	1
p3/g4	1
p3/m3	1
p34	1
p4/p5	1
p4e	1
p4s	1
p5->	1
padi	1
pain	1
pang	1
panic	1
passed	1
passedback	1
past	1
patched	1
patches	1
patching	1
people	1
performing	1
person	1
phantomed	1
piano's	1
pick	1
picking	1
pickup	1
pieca	1
piece	1
piper's	1
plan	1
planned	1
play/	1
play??/	1
playablecm	1
playables	1
playble	1
playh	1
playu	1
pleasse	1
plxz	1
plzno	1
plzzz	1
points	1
pops	1
posiotionals	1
possibility	1
postmans	1
potentially	1
practice	1
prbably	1
precedence	1
preeeetty	1
preferred	1
prep	1
previously	1
priceless	1
principle	1
prio/	1
prior	1
priuo	1
problems	1
probvably	1
promises	1
promp	1
promps	1
prompting	1
promsed	1
prophetic/	1
protect	1
psosible	1
punk	1
purge	1
purple/	1
purpose	1
pzl	1
qb	1
r)	1
r/b/p4	1
r/b3	1
r/g/b/p4	1
r/g/b3	1
r/g/y4	1
r/i1	1
r/i4	1
r/k1	1
r/m	1
r/m1	1
r/m2	1
r/m3	1
r/m3?	1
r/m4	1
r/o4	1
r/p4	1
r/y/g	1
r/y/m4.	1
r/y/t4	1
r/y5	1
r/y5?	1
r1/2?	1
r1/i4	1
r1/r2	1
r13	1
r1e->	1
r2/3?	1
r2/m3	1
r2/o2	1
r23	1
r29	1
r3/o2/r3	1
r34	1
r345	1
r3e	1
r4(sortof)	1
r4+r3?	1
r4->?	1
r4/2	1
r4/any5	1
r4/b4/g3/m2	1
r4/m3/m2/m5	1
r4/m4	1
r4/p4/y4/any	1
r4/w4/g4	1
r4>	1
r4nope	1
r4save	1
r5/i1	1
r5/i5	1
raezlied	1
raise	1
randos	1
rcf	1
reading	1
ready	1
realizes	1
realizez	1
realizing	1
reasonable	1
reasons	1
reclues	1
recluing	1
recommend	1
red/black4s	1
red/white	1
redeemable	1
refreshing	1
related	1
rely	1
relying	1
remaining	1
remebers	1
remedy	1
rememberw	1
remind	1
requires	1
rescue	1
response	1
responsibility	1
rests	1
results	1
resynching	1
retarded	1
retouching	1
retro	1
reversed	1
ridiculous	1
riding	1
right-most	1
rightfully	1
rightg	1
risking	1
roation	1
robbed	1
rollin	1
rope	1
round-about	1
rr2	1
rs	1
rtf	1
rubix	1
safely	1
safer	1
safety	1
sahoulda	1
salvage	1
saves/	1
saviour	1
say...yes!!	1
sbnap	1
scares	1
sciencw	1
scrap	1
screams	1
screwed	1
scurred	1
sean	1
seat	1
seem	1
seemed	1
selfish	1
seph	1
sephiroth/	1
sequencing	1
series	1
serious	1
setup	1
shall	1
sheamol	1
shes	1
shinanegans	1
shita	1
shitty	1
sho	1
shoouuuuuld	1
shoud	1
shoudla	1
shoudnt	1
shouldb	1
shouldbe	1
shoulders	1
shove	1
shown	1
sicne	1
signs	1
silly	1
simple	1
simplicity	1
sin's	1
sine	1
sir	1
sittin	1
sj	1
slight	1
slightest	1
slip	1
slots	1
slow	1
slowed	1
smandon	1
snake	1
soft	1
solely	1
solve	1
some5	1
somehow	1
someon	1
somethign	1
something/	1
sometimes	1
somewhat	1
somewhere->	1
sorrow	1
sorta	1
speaking	1
special	1
speedrun	1
speeds	1
spiciest	1
spieler	1
staeellleee	1
stage	1
staleeee	1
stalest	1
stall-y	1
stand	1
starts	1
stay	1
staying	1
stays	1
steal	1
stepped	1
stew	1
stole	1
stops	1
strike	1
strongly	1
stupidly	1
sudden	1
summon	1
superior	1
supremely	1
surely	1
suuuuuper	1
switch	1
t	1
t/b3	1
t/i5	1
t/m3	1
t/p/g4	1
t20?/	1
t3/o3	1
t4)	1
t47	1
t49	1
t50	1
t53	1
t55	1
t58	1
t61	1
t63	1
t67	1
ta	1
taken	1
tan	1
tan3	1
tan3/4	1
tan5->	1
target	1
tbd	1
tbh	1
tcm	1
teach	1
teal3	1
teeheehee	1
telling	1
temp	1
terrible	1
terribly	1
terrified	1
testing	1
tez	1
thanks	1
that's	1
theandrew	1
thee	1
their	1
them)	1
theory	1
they're	1
theyre	1
thihs	1
thing	1
thins	1
this/	1
this>	1
thjis	1
thoguht	1
those	1
thoughts	1
threes	1
tie	1
tilting	1
time-hm	1
timehoodie	1
timing	1
timo	1
timotree	1
tira	1
tiramisu1th	1
toi	1
tonight	1
touny	1
tourny	1
towards	1
toy	1
train	1
transferred	1
trash)	1
trashed	1
trcm	1
treat	1
tripled	1
trouble	1
trumps	1
trusted	1
trusts	1
turn...36?	1
turn10	1
turning	1
twas	1
typically	1
u	1
u1/m1/k1/w1	1
u2->\	1
u2/3	1
u2/4	1
u2/5.	1
u2/5/4?	1
u2/u5	1
u3/4/5	1
u3/4?	1
u3e->	1
u4/u5?	1
ultimately	1
ultra	1
unambiguous	1
understand	1
uneasy	1
unfolds	1
unknown	1
unlcear	1
unlikely)	1
unlucky	1
unnecc	1
unneccesary	1
unno	1
unravelling	1
untouchec	1
unwarranted	1
upset	1
ush	1
utcm	1
utpd	1
uutpd	1
v	1
v4	1
val	1
valetta	1
value	1
variants	1
verifying	1
viewed	1
voss	1
w/g4	1
w/m2	1
w/p/r2	1
w/r2	1
w/y/b2	1
w1/b1	1
w2/k2	1
w3/4	1
w3/4?	1
w3/p3	1
w5->e	1
w5/b5	1
waiting	1
waits	1
wants	1
wasns't	1
waters	1
wazs	1
we've	1
week	1
weirdest	1
weve	1
what's	1
whatevah	1
whatevss	1
whatevver	1
whichever	1
white)	1
whoopsies	1
whwoops	1
willing	1
winnable	1
winning	1
wish	1
witnessed	1
woaza	1
won't	1
wonderful	1
wooooo	1
woooooo	1
wooots	1
woops	1
woot	1
working	1
worries	1
worrisome	1
worrying	1
worse	1
worthwhile	1
wrench	1
wrote	1
wump	1
wya	1
x1000	1
y/23	1
y/a3	1
y/b/p3	1
y/b/p4	1
y/b3	1
y/g/b4	1
y/g/b5	1
y/g2	1
y/i4	1
y/k2	1
y/m1	1
y/m3	1
y/m5	1
y/p2	1
y/p3	1
y/r2?	1
y/r3	1
y1/g1?	1
y1/i2	1
y1/m2	1
y1/o5	1
y2+3	1
y2/3/4/5	1
y2/4/5	1
y2/i2	1
y2/m1	1
y234	1
y2s	1
y3/5	1
y3/b4	1
y3/i2	1
y3/i3	1
y3/y4/y5	1
y4.b3	1
y4/m4	1
y4/m4?	1
y4/muddy5	1
y4/p4/g4	1
y4e	1
y5-	1
yea	1
yee	1
yeeeaaap	1
yeeeeeee	1
yellow/	1
yellows	1
ym	1
yolo	1
you!\	1
you're	1
yourself	1
youve	1
ys	1
yup[	1
zami	1
zamiel	1
~t35	1
